,created_at,sentiment,tweet,user_location
0,2017-11-09 23:59:59,neutral,RT @runawayj1m: @EastNash10 @BernieUpstateNY @daveweigel @NomikiKonst @SenSanders This is the DNC the anti-Bernie people like. Doing absolu…,"San Diego, CA"
1,2017-11-09 23:59:59,neutral,RT @cynthiamckinney: South Koreans don't want war; they want reunification!  https://t.co/g3gef8L3bd https://t.co/GS6GozoJhH,
2,2017-11-09 23:59:59,positive,"RT @CloydRivers: When you’re Back to Back World War Champs and Hillary is not your President, every day is a lucky day. Merica.",somewhere in the usa
3,2017-11-09 23:59:59,negative,RT @MooreSenate: I believe you and I have a duty to stand up and fight back against the forces of evil waging an all-out war on our conserv…,"Washington, D.C."
4,2017-11-09 23:59:58,positive,@WrestleCircus Home in New Mexico with @WrestleCircus on my tv &amp; War Games on my phone hahaha,
5,2017-11-09 23:59:58,neutral,"RT @cammashburn: @MLB Stats speak for themselves. #Reds

AVG.
Votto: .320
Goldschmidt: .297

HR.
Votto: 36
Goldschmidt: 36

OBP.
Votto: .55…","Cincinnati, OH"
6,2017-11-09 23:59:57,positive,RT @ayako_nkd: ???????????????????????????????????????Get wild??????????????????????????????????????????????????????WOW WAR TONIGHT????????…,??? ???
7,2017-11-09 23:59:57,negative,"RT @BenjaminNorton: The US government has spent $5.6 trillion on the ""war on terror"" yet insists it supposedly can't afford universal healt…","Columbus, Ohio"
8,2017-11-09 23:59:57,positive,"RT @itsmaemon: As a ""Big blocker"" I am happy that #Segwit2X got called off, the civil war is over, lets go our seperate ways, no more drama…",Terra
9,2017-11-09 23:59:57,neutral,@MikePrysner @suboe ...which is the trend I just spoke of. Dubya accelerated the US war machine's advancement by leaps and bounds.,Citizen of the Internets
10,2017-11-09 23:59:55,negative,RT @MooreSenate: I believe you and I have a duty to stand up and fight back against the forces of evil waging an all-out war on our conserv…,
11,2017-11-09 23:59:55,neutral,"Estoy participando en un sorteo de x3 CoD: WWII por parte de @MusicDubstepYT y @TheGrefgYT. #SorteoWWII

https://t.co/mEre6Ppxnj",
12,2017-11-09 23:59:53,neutral,@gerfand @JustinIanAlt @VirtualSignals @nf_reece they cared when people said no we want to be pagans and not worshi… https://t.co/aOvEzkr2KK,"Elon Musk, says, a simulation"
13,2017-11-09 23:59:53,negative,RT @MooreSenate: I believe you and I have a duty to stand up and fight back against the forces of evil waging an all-out war on our conserv…,
14,2017-11-09 23:59:53,neutral,"RT @david_colquhoun: Some thoughts about AA Milne, Winnie the Pooh, war, private schools and #brexit.
https://t.co/5KUCiLxOQY",North of Ireland
15,2017-11-09 23:59:52,negative,"RT @PMbeers: The Hague, #Netherlands — A prosecutor for the International Criminal Court (ICC) is pursuing a war crimes investigation again…",yakama territory
16,2017-11-09 23:59:51,neutral,"@thenurse75 @MuslimIQ @attn Except for the people who created the ""war on drugs"", since their goal from the start w… https://t.co/37WwPTz2dM",Boston
17,2017-11-09 23:59:51,negative,RT @MooreSenate: I believe you and I have a duty to stand up and fight back against the forces of evil waging an all-out war on our conserv…,"Illinois, USA"
18,2017-11-09 23:59:51,negative,RT @MooreSenate: I believe you and I have a duty to stand up and fight back against the forces of evil waging an all-out war on our conserv…,United States
19,2017-11-09 23:59:51,negative,"RT @PlanetArk: Prepare for War... on Waste, Ep 4 on Sunday Dec 3! Get started with #NationalRecyclingWeek Nov 13-19 https://t.co/n31rVpHhIt…","Sydney, New South Wales"
20,2017-11-09 23:59:50,neutral,@FrauEins War Berlin nicht gut ?? ?,"Berlin, Deutschland"
21,2017-11-09 23:59:50,positive,@DeplorableDeb16 @steph93065 @Jali_Cat @ChristiChat @tedlieu @DNC @POTUS It's very shameful and disheartening to se… https://t.co/sRqnxrrLB7,
22,2017-11-09 23:59:50,positive,"RT @CloydRivers: When you’re Back to Back World War Champs and Hillary is not your President, every day is a lucky day. Merica.","Callaway, VA"
23,2017-11-09 23:59:49,neutral,"RT @jesusofiraq: Documents Confirm Israel is Conspiring With Saudi Arabia to Start War-
https://t.co/qTHP0SfLaN
Via - @NeonNettle
#NeonNett…",London - Baghdad 
24,2017-11-09 23:59:49,positive,RT @AP_Politics: 93-year-old World War II vet scores upset election win: https://t.co/b3oi14WvlN,United States
25,2017-11-09 23:59:49,neutral,RT @UN_News_Centre: Syrian conflict has now lasted longer than World War II – UN humanitarian envoy https://t.co/5FePupisAO,Curitiba - Brazil
26,2017-11-09 23:59:48,positive,RT @YourAnonRevolt: Constitutional battle: #AbeShinzo wants amendement allowing #Japan to go to #war again https://t.co/33suxN6i6U  https:/…,N 53°28' 0'' / W 2°14' 0''
27,2017-11-09 23:59:47,neutral,@Sillyshib Also check riot v war. I think you need educating. Try google pictures. That's if you don't walk into something.,not in the matrix 
28,2017-11-09 23:59:47,neutral,"RT @MusicDubstepYT: ??? NUEVO SORTEO ???

SORTEO con @TheGrefgYT de tres copias de CoD: WWII! Espero que lo apoyéis para subir más!

https:…",
29,2017-11-09 23:59:47,neutral,RT @ChatwitChuck: The NAACP is creating controversy where NONE exists!! Do I get to change all things I disagree with? Perhaps starting wit…,
30,2017-11-09 23:59:46,neutral,RT @WWENXT: A war of words will be taken to the ring when @WWEEmberMoon &amp; @RealMMartinez do battle NEXT WEEK on #WWENXT on @WWENetwork! htt…,
31,2017-11-09 23:59:46,neutral,RT @INDIGNADITA95: Esta es la Ana War que me flipa! #OTDirecto9N https://t.co/6X8lU1noC2,"Si quieres saber más,pregunta."
32,2017-11-09 23:59:46,neutral,"RT @The_Rumpus: ""I was raised by a history buff. A Civil War nerd."" https://t.co/zgvx014q18","Tacoma, WA"
33,2017-11-09 23:59:45,negative,RT @MooreSenate: I believe you and I have a duty to stand up and fight back against the forces of evil waging an all-out war on our conserv…,
34,2017-11-09 23:59:44,positive,"RT @mitchellvii: Folks, 2018 is shaping up to be the war of all wars for the very soul of this nation.  How exciting.  We in the #TrumpTrai…",
35,2017-11-09 23:59:44,neutral,America Is Losing the War on Chronic Pain https://t.co/PU62XRTCkB https://t.co/vTNaj0iG3H,"San Francisco, CA"
36,2017-11-09 23:59:44,positive,"RT @NPR: ""It's always children who bear the brunt of conflict,"" a World Vision director says. ""They've had absolutely nothing to do with th…",#VIPsAlwayshere4TOP
37,2017-11-09 23:59:44,negative,"RT @RoseAnnDeMoro: The nation that spends $23,386 per taxpayer funding wars still has 28 million citizens uninsured.

It's long past time f…","Fort Worth, Texas"
38,2017-11-09 23:59:44,positive,"RT @Thomas_A_Moore: when schools start selling bulletproof backpacks, your country is more of a war zone than a functioning society https:/…",United States
39,2017-11-09 23:59:43,neutral,RT @codepink: Pelosi recently said she would be open to a ground invasion of North Korea. Tell @NancyPelosi that war is never an acceptable…,Pacific NW
40,2017-11-09 23:59:43,negative,"RT @BlackAutonomist: So the Russian revolution was ""bad"" because 1.5 million Russians died in the ensuing Civil War after, but the american…",
41,2017-11-09 23:59:43,neutral,RT @mamaristine: @bvkcitizen @politicsofone @louis_teller @stillglomar Some people did not learn about the Revolutionary war.,"Texas, USA"
42,2017-11-09 23:59:43,positive,"RT @NPR: ""It's always children who bear the brunt of conflict,"" a World Vision director says. ""They've had absolutely nothing to do with th…",Massachusetts
43,2017-11-09 23:59:42,neutral,RT @DanceGodPls: @RADSTORMTROOPER @BasedSkywalker Uhhhh. I want a Sith trilogy about the rise of the Sith from the Jedi civil war,18+
44,2017-11-09 23:59:41,neutral,Me ha gustado un vídeo de @YouTube (https://t.co/C03FKP5Dlf - Wage War - The River (Official Music Video)).,Hell
45,2017-11-09 23:59:41,negative,RT @MooreSenate: I believe you and I have a duty to stand up and fight back against the forces of evil waging an all-out war on our conserv…, 
46,2017-11-09 23:59:41,neutral,RT @INDIGNADITA95: Esta es la Ana War que me flipa! #OTDirecto9N https://t.co/6X8lU1noC2,Barcelona
47,2017-11-09 23:59:40,neutral,RT @Naru24: Lo mejor es la cara de Ana War https://t.co/6DxMtHubiS,camila & justin
48,2017-11-09 23:59:40,positive,RT @StewartWood: The world's attention needs to shift to Lebanon right away. The Saudi-Iran proxy war in the region looks in imminent dange…,Singapore
49,2017-11-09 23:59:40,negative,"All these Leftist Morons, like The NAACP, are Pushing US Toward WAR because WE Are Not Going To Take This SHIT Much… https://t.co/91VVNDBQEa","IN THE BASKET, MAGA"
50,2017-11-09 23:59:40,negative,@JBergkampf @alexaforsythe No. Not the National Front or National Action. They're not interested in anyone's safety… https://t.co/4aXcETx34F,"Exeter, England"
51,2017-11-09 23:59:40,neutral,"RT @MusicDubstepYT: ??? NUEVO SORTEO ???

SORTEO con @TheGrefgYT de tres copias de CoD: WWII! Espero que lo apoyéis para subir más!

https:…",
52,2017-11-09 23:59:39,positive,"RT @celeb_voices: .@TheNormanLear to Donald Trump: ""I fought Nazis in World War II. They aren’t 'very fine people.'"" https://t.co/ye5eRZMZIq",
53,2017-11-09 23:59:39,negative,RT @MooreSenate: I believe you and I have a duty to stand up and fight back against the forces of evil waging an all-out war on our conserv…,"Alabama, USA"
54,2017-11-09 23:59:38,neutral,Das zweite war definitiv Rotkäppchen...beim ersten tippe ich einfach mal auf Hänsel und Gretel wegen dem Lebkuchenhaus....??,Deutschland
55,2017-11-09 23:59:38,positive,"@GoldenArmorMage With the last of the compartments closing, Armin's Lacrima were safely secured. Turning his full a… https://t.co/v0PN0k8E1x",Wandering
56,2017-11-09 23:59:38,neutral,RT @9GAGTweets: Is it a war against perfectionists? https://t.co/54uulb9Ifn,"Braga, Portugal"
57,2017-11-09 23:59:38,positive,RT @benevolentbowd: [Website] Motif Articles now include links to war researcher and tel var general merchant in sections relating to facti…,"Tennessee, USA"
58,2017-11-09 23:59:37,neutral,they gave the guy who started this war a peace prize https://t.co/dJKfUEErLj,"the Springs, CO"
59,2017-11-09 23:59:37,neutral,@renee_rdanes81 @ThatsFeffedUp @realDonaldTrump @HillaryClinton You're nuts! Five congressional investigations into… https://t.co/snkrDY5nnE,Beautiful Black Hills of SD
60,2017-11-09 23:59:37,neutral,"Estoy participando en un sorteo de x3 CoD: WWII por parte de @MusicDubstepYT y @TheGrefgYT. #SorteoWWII

https://t.co/RGoYvmotui",
61,2017-11-09 23:59:36,neutral,"RT @archaeologymag: After defeating Hannibal and Carthage in the Second Punic War, Rome took control of the silver mines of southern Spain,…","Al Rayyan, Qatar"
62,2017-11-09 23:59:35,neutral,"RT @chinalinestan: The War reached 1,600,000 sales, Kokobop reached 1m+ downloads, the Olympics acknowledged exo and called junmyeon the be…",Invisible
63,2017-11-09 23:59:35,positive,"@LisaWetzelberge @RandilynIsIn Moore himself is already spinning it to his supporters as a war on good Christians,… https://t.co/k8j7bsB5cd","Pasadena, CA"
64,2017-11-09 23:59:34,neutral,"RT @SenKamalaHarris: Weapons of war should not be on the streets of America. 
https://t.co/AhMPh8hxFq",
65,2017-11-09 23:59:34,positive,RT @StJamesStJames: Our new film “Not A War Story” is #1 documentary in the world on ITunes! Sincerest thanks to everyone who has purchased…,
66,2017-11-09 23:59:34,neutral,"RT @ChantalBarlow: Artist Mark Bradford Unveils His Largest Work Yet, a Civil War Cyclorama at the Hirshhorn | artnet News ??? https://t.co…",jersey city
67,2017-11-09 23:59:33,neutral,"RT @pococentre: Ariel Dorfman, Trump’s War on Knowledge: https://t.co/6wKvbmBGCO","Oakland, California"
68,2017-11-09 23:59:33,neutral,RT @M_Sphere: ?????????? (????????????????????? ?) ??????????????????????????????????? ??????????????????????????? ????????????????????????…,#????? #?????? #??????? #?????
69,2017-11-09 23:59:33,neutral,"@WhiteHouse @AbeShinzo ""The Lord is a skilful&amp;expert Warrior, he knows how to marshal his host&amp;set his battle in ar… https://t.co/OjkY14KjDM",
70,2017-11-09 23:59:33,positive,RT @ayako_nkd: ???????????????????????????????????????Get wild??????????????????????????????????????????????????????WOW WAR TONIGHT????????…,??
71,2017-11-09 23:59:33,positive,@BanditRandom @GOP Teddy Roosevelt thought a war against Mexico would unite the south with the Union. Those kind of… https://t.co/dSwBSdzMjt,"Atlanta, GA"
72,2017-11-09 23:59:32,neutral,Syrian conflict has now lasted longer than World War II – UN humanitarian envoy: (AGENPARL… https://t.co/7gunsXQgFH,Roma
73,2017-11-09 23:59:32,positive,"RT @Thomas_A_Moore: when schools start selling bulletproof backpacks, your country is more of a war zone than a functioning society https:/…",pa
74,2017-11-09 23:59:32,neutral,"RT @KlNDNESSX: ??KIWI M/V; [ https://t.co/OiYotW7kPt ]
??Part I.??This is war. https://t.co/QDzPQVLWMt","Atlanta, GA"
75,2017-11-09 23:59:32,neutral,Michael Bloomberg’s ‘war on coal’ goes global with $50m fund https://t.co/IJ48wpFI3P,Edmonton Alberta Canada
76,2017-11-09 23:59:31,neutral,RT @itskordeii_: Ana War juzgándote #OTDirecto9N https://t.co/bnIWFrPf6E,
77,2017-11-09 23:59:31,negative,"RT @FoxNews: .@POTUS: ""In the part of Korea that was a stronghold for Christianity before the war, Christians and other people of faith who…",
78,2017-11-09 23:59:31,neutral,RT @ByronYork: This was a hell of a guy. https://t.co/lReYgJJ8dv https://t.co/OfBOAqgsy1,Dallas TX
79,2017-11-09 23:59:31,neutral,"Listen to KJ100xClay100 ""War"" by Clay100 #np on #SoundCloud https://t.co/xycTGE1b8K",Indiana
80,2017-11-09 23:59:30,positive,"J'aime une vidéo @YouTube : ""Captain America Civil War - Spidey vs Winter soldier and Falcon Full Fight"" à l'adresse",
81,2017-11-09 23:59:30,positive,RT @Independent: Donald Trump sends aircraft carriers to western Pacific in rare military exercise following North Korea warning https://t.…,
82,2017-11-09 23:59:30,neutral,RT @WarWidowsAssoc: Please share one of our war widows has lost her Elizabeth Cross today in London while we were at the Field of Remembran…,United Kingdom
83,2017-11-09 23:59:29,positive,"RT @AlbertCane8: @clivebushjd @realDonaldTrump *Rebirth of KKK
*Passing the buck on solving climate issues
*Tax cut for the wealthy and cor…","Westmont, NJ"
84,2017-11-09 23:59:29,positive,"RT @SenFeinstein: RT if you agree that weapons of war that are designed to kill more people, more quickly don’t belong on the streets of Am…","North Carolina, USA"
85,2017-11-09 23:59:29,positive,@HugoBoss_760 @JoeyNJade @weird_melody @WolfieB10 @Amandaburke412 @samararedway Ah shoot! That had the potential to be a great flame war. ?,Somewhere with an Indoor Pool
86,2017-11-09 23:59:29,neutral,RT @AndyBrown1_: Michael Bloomberg’s ‘war on coal’ goes global with $50m fund | Environment | The Guardian https://t.co/Nrbf8vvn6j,
87,2017-11-09 23:59:28,negative,"RT @BenjaminNorton: The US government has spent $5.6 trillion on the ""war on terror"" yet insists it supposedly can't afford universal healt…",NY
88,2017-11-09 23:59:27,negative,"RT @RedactedTonight: Nation That Says It Can't Afford Medicare for All Has Spent $5.6 Trillion on War Since 9/11
https://t.co/aQVI7qDn5P","Pierrefonds,Québec, Canada"
89,2017-11-09 23:59:27,neutral,RT @MilitaryTimes: NATO boosts support to Afghanistan war; Falls short of goal https://t.co/mKwRO4VOjO https://t.co/PrPR8EPJDS,
90,2017-11-09 23:59:27,positive,"RT @Thomas_A_Moore: when schools start selling bulletproof backpacks, your country is more of a war zone than a functioning society https:/…",
91,2017-11-09 23:59:27,neutral,@bvkcitizen @politicsofone @louis_teller @stillglomar Some people did not learn about the Revolutionary war.,
92,2017-11-09 23:59:27,positive,RT @YourAnonRevolt: Constitutional battle: #AbeShinzo wants amendement allowing #Japan to go to #war again https://t.co/33suxN6i6U  https:/…,ANONYMOUS - LEGION
93,2017-11-09 23:59:26,negative,"RT @HillelNeuer: Would you invite a Nazi war criminal to teach in your university?
Would you invite the Nazi to teach the laws of war?
Well…",
94,2017-11-09 23:59:26,negative,RT @KaydeeKing: It's telling that Dems (like Madeline Albright) vehemently hate Trump 99% of the time but agree &amp; support him on 1 thing on…,
95,2017-11-09 23:59:25,negative,RT @MooreSenate: I believe you and I have a duty to stand up and fight back against the forces of evil waging an all-out war on our conserv…,Lawrenceville GA
96,2017-11-09 23:59:25,positive,A 93-year-old World War II veteran has been elected mayor in a New Jersey borough https://t.co/vULdJKLHOi https://t.co/pIrcYga00z,
97,2017-11-09 23:59:24,positive,"RT @SenFeinstein: RT if you agree that weapons of war that are designed to kill more people, more quickly don’t belong on the streets of Am…","Springfield, MO"
98,2017-11-09 23:59:23,neutral,"As the War Doctor said to the Daleks, #NoMoore.",NJ
99,2017-11-09 23:59:23,neutral,RT @9GAGTweets: Is it a war against perfectionists? https://t.co/54uulb9Ifn,"Ismalia, Egypt"
100,2017-11-09 23:59:52,neutral,@sherylcamp @BarbraStreisand @realDonaldTrump @BarackObama So Obama never hit 3% GDP and his stock market was fairl… https://t.co/CgYUNjIbYW,SoCal
101,2017-11-09 23:59:18,positive,RT @Babajiide: 1. Good evening and welcome to #careerswithJide ? this is a series targeted at helping graduates and undergraduate understan…,"Lagos, Nigeria"
102,2017-11-09 23:59:02,positive,RT @KHandozo: The Lochner era is so-called because Court decisions in this period echo Lochner in striking down regulations on the laissez-…,"Fullerton, CA"
103,2017-11-09 23:58:43,negative,"RT @freedom_luvr: @Jujube_blue @StockMonsterUSA If you blindly watch CNN you wouldnt know there is lowest unemployment in almost 20 yrs, IS…","California, USA"
104,2017-11-09 23:58:13,negative,"Wait a minute man
Hey check this out man tell it
It was this blind man right it was this blind man right
He was fee… https://t.co/AYfxtOy1f7",
105,2017-11-09 23:58:08,negative,"@SimoneD_UE - about in the end. With a hesitant step, Timothy continued down the sidewalk, entering the market. Lon… https://t.co/ZAatPJkpjj",Lurking 
106,2017-11-09 23:57:05,negative,"RT @freedom_luvr: @Jujube_blue @StockMonsterUSA If you blindly watch CNN you wouldnt know there is lowest unemployment in almost 20 yrs, IS…",USA
107,2017-11-09 23:56:28,negative,"RT @_Mr_Reed: It was this blind man, right?
Man, check this out- it was this blind man, right?
He was feelin' his way down the street with…",
108,2017-11-09 23:55:34,negative,RT @weirdhongkong: China closing down the internet. “Miit has further tightened regulation of the internet by announcing new guidelines on…,Berlin & Hong Kong 
109,2017-11-09 23:55:34,negative,"RT @unomagazineguam: Heads Up! 

Slammed Society is going down this Saturday at the Old Dededo Flea Market. 

Be there! https://t.co/8Alvlz…",GU -JAX
110,2017-11-09 23:54:19,negative,"RT @realDonaldTrump: Unemployment is down to 4.1%, lowest in 17 years. 1.5 million new jobs created since I took office. Highest stock Mark…","Seattle, WA"
111,2017-11-09 23:53:59,positive,RT @MajKyleBaxter: @RyanAFournier @realDonaldTrump making America great again one deal at a time! He's repairing all the damage @BarackObam…,"Northwest, NJ, USA"
112,2017-11-09 23:53:22,negative,"RT @_Mr_Reed: It was this blind man, right?
Man, check this out- it was this blind man, right?
He was feelin' his way down the street with…",
113,2017-11-09 23:52:47,positive,@EricHeatEsparza @GoNintendoTweet Right.... Yet Sony is the company selling of pieces of their company to stay away… https://t.co/mH7KMBYZID,
114,2017-11-09 23:51:40,positive,"RT @porinju: During FY-18, 501 'chor' companies (worth investing) will stop siphoning out profits and focus on market capitalization, due t…","Pune, India"
115,2017-11-09 23:51:01,negative,"RT @_Mr_Reed: It was this blind man, right?
Man, check this out- it was this blind man, right?
He was feelin' his way down the street with…",wayne
116,2017-11-09 23:50:55,negative,"RT @_Mr_Reed: It was this blind man, right?
Man, check this out- it was this blind man, right?
He was feelin' his way down the street with…","Palmdale, CA"
117,2017-11-09 23:50:32,negative,@realDonaldTrump Just so you know the stock market was down today. It's your fault,
118,2017-11-09 23:50:14,negative,"RT @freedom_luvr: @Jujube_blue @StockMonsterUSA If you blindly watch CNN you wouldnt know there is lowest unemployment in almost 20 yrs, IS…",Boca Raton
119,2017-11-09 23:50:04,negative,"RT @_Mr_Reed: It was this blind man, right?
Man, check this out- it was this blind man, right?
He was feelin' his way down the street with…",
120,2017-11-09 23:49:45,negative,"Hey check this out man tell it
It was this blind man right
it was this blind man right
He was feelin' his way down… https://t.co/T0v6XPhEpo",??
121,2017-11-09 23:49:38,positive,"RT @muddywatersre: Yesterday, in the world's most taken too seriously stock market, $8102.HK, a restaurant chain, melted down from US$1 bln…",
122,2017-11-09 23:49:24,positive,Mike talks about the kid's #market all the time - how many of the #mutualfund managers working right now are so you… https://t.co/M0n83ex2tr,"Seattle, WA"
123,2017-11-09 23:49:04,positive,"It is going on now at Tops Fresh Market. Come on down. Good food, good wine and a good time!","Redding & Weaverville, Calif."
124,2017-11-09 23:48:32,negative,"RT @realDonaldTrump: Unemployment is down to 4.1%, lowest in 17 years. 1.5 million new jobs created since I took office. Highest stock Mark…",
125,2017-11-09 23:48:31,negative,"RT @unomagazineguam: Heads Up! 

Slammed Society is going down this Saturday at the Old Dededo Flea Market. 

Be there! https://t.co/8Alvlz…",the field?
126,2017-11-09 23:48:20,negative,"Overnight US Market :Dow closed -101 points (Intraday was down 250 pt )
https://t.co/PuqMHRA2wu","Gujarat, India"
127,2017-11-09 23:48:15,negative,RT @weirdhongkong: China closing down the internet. “Miit has further tightened regulation of the internet by announcing new guidelines on…,Hong Kong
128,2017-11-09 23:47:08,negative,Worried about the market going up and down? Auto-Stash helps you manage the highs and lows https://t.co/FJnO8mV2fX,New York City
129,2017-11-09 23:47:08,negative,Overnight US Market :Dow closed -101 points (Intraday was down 250 pt ) https://t.co/caP1nrdGL0,GLOBAL
130,2017-11-09 23:47:02,negative,@realDonaldTrump How come no mention of stock market down today ?,
131,2017-11-09 23:46:52,positive,"RT @muddywatersre: Yesterday, in the world's most taken too seriously stock market, $8102.HK, a restaurant chain, melted down from US$1 bln…","Hoboken, NJ"
132,2017-11-09 23:45:15,negative,"RT @realDonaldTrump: Unemployment is down to 4.1%, lowest in 17 years. 1.5 million new jobs created since I took office. Highest stock Mark…","Nashua, NH"
133,2017-11-09 23:44:02,negative,"RT @_Mr_Reed: It was this blind man, right?
Man, check this out- it was this blind man, right?
He was feelin' his way down the street with…","Tampa, FL"
134,2017-11-09 23:43:07,negative,Oil's Current Surge Toward $70 Seen Dragging It Down Later https://t.co/EOBZWqxGOH,Facebook.com/PersonalPetrolero
135,2017-11-09 23:42:53,positive,"RT @muddywatersre: Yesterday, in the world's most taken too seriously stock market, $8102.HK, a restaurant chain, melted down from US$1 bln…",
136,2017-11-09 23:41:53,negative,"RT @beaupedraza: Folks, shut it down. A dude on Blogspot just cornered the SEO market. https://t.co/iXeTGtQn5T",Behind ma laptop
137,2017-11-09 23:41:42,positive,"RT @aeberman12: NatGas C.I. Dropped -51 bcf Last Week &amp; Has Fallen -158 bcf in the Last 7 Weeks. 

The Market Has Consistently Misread Inve…",Delray Beach Florida
138,2017-11-09 23:41:14,positive,"@HEAwriter @ericgarland @tedlieu I’m enjoying stock market gains, lowest unemployment #’s in 17 yrs, best manufactu… https://t.co/ZVkWI0YHpW",
139,2017-11-09 23:41:11,positive,"@RepAdamSchiff @realDonaldTrump Let's see, Stock market new high in history, employment down lower in 16 years, cou… https://t.co/tuGxKM9gYn",Cleveland Texas
140,2017-11-09 23:40:22,positive,"@IAmDaltonJames @Fuctupmind Yeah. Stock market is on high, job creation at a high, illegals coming over the border… https://t.co/DXfI0dFYpu",North Carolina 
141,2017-11-09 23:39:39,positive,"RT @muddywatersre: Yesterday, in the world's most taken too seriously stock market, $8102.HK, a restaurant chain, melted down from US$1 bln…",
142,2017-11-09 23:39:38,negative,"RT @realDonaldTrump: Unemployment is down to 4.1%, lowest in 17 years. 1.5 million new jobs created since I took office. Highest stock Mark…",
143,2017-11-09 23:39:12,positive,"RT @muddywatersre: Yesterday, in the world's most taken too seriously stock market, $8102.HK, a restaurant chain, melted down from US$1 bln…",
144,2017-11-09 23:37:39,negative,"RT @tjCervants: Sorry, We’re Closed: Dealers Explain the Painful Process of Shutting Down an Art Gallery https://t.co/ubcyaY8NOT https://t.…",
145,2017-11-09 23:37:34,positive,"RT @muddywatersre: Yesterday, in the world's most taken too seriously stock market, $8102.HK, a restaurant chain, melted down from US$1 bln…",
146,2017-11-09 23:36:33,positive,"RT @muddywatersre: Yesterday, in the world's most taken too seriously stock market, $8102.HK, a restaurant chain, melted down from US$1 bln…",
147,2017-11-09 23:35:56,positive,"Yesterday, in the world's most taken too seriously stock market, $8102.HK, a restaurant chain, melted down from US$… https://t.co/sn2BietFLl","San Francisco, CA"
148,2017-11-09 23:35:42,negative,"SYS/BTC down -5.17% in the last hour! ? ?
$BTC $SYS
https://t.co/ixhy1hAoIq https://t.co/SCycs3P59R",
149,2017-11-09 23:33:51,negative,"RT @_Mr_Reed: It was this blind man, right?
Man, check this out- it was this blind man, right?
He was feelin' his way down the street with…",
150,2017-11-09 23:33:41,negative,My ETFs of interest: Market Mostly Down https://t.co/KdisY2y05h,"Toronto, ON, Canada"
151,2017-11-09 23:32:35,positive,The Lochner era is so-called because Court decisions in this period echo Lochner in striking down regulations on the laissez-faire market.,
152,2017-11-09 23:32:34,negative,@AndrewSabisky In the market I think there's probably a lot of value a bit lower down,"Peckham, London UK"
153,2017-11-09 23:32:23,negative,Priceline's Key Metric Growth Is Slowing Down - Market Realist https://t.co/nozJX2BAC9,New York
154,2017-11-09 23:31:26,neutral,"@Carolshmarol @RealJamesWoods @tammiejwilliams Of course it’s at an all time low. The economy is cranking, the stoc… https://t.co/bUPPc7iPwk","Texas, USA"
155,2017-11-09 23:30:31,negative,"RT @freedom_luvr: @Jujube_blue @StockMonsterUSA If you blindly watch CNN you wouldnt know there is lowest unemployment in almost 20 yrs, IS…",
156,2017-11-09 23:30:14,negative,$TRX current market price US$0.00231450 (down -0.74% in the last hour) | #Tron #Tronix #Cryptocurrency,Australia
157,2017-11-09 23:30:12,negative,"RT @freedom_luvr: @Jujube_blue @StockMonsterUSA If you blindly watch CNN you wouldnt know there is lowest unemployment in almost 20 yrs, IS…","Lowell, IN"
158,2017-11-09 23:29:16,negative,"RT @freedom_luvr: @Jujube_blue @StockMonsterUSA If you blindly watch CNN you wouldnt know there is lowest unemployment in almost 20 yrs, IS…",Pennsylvania
159,2017-11-09 23:29:03,negative,"RT @unomagazineguam: Heads Up! 

Slammed Society is going down this Saturday at the Old Dededo Flea Market. 

Be there! https://t.co/8Alvlz…",Guam
160,2017-11-09 23:28:10,positive,"@ericbolling @realDonaldTrump Love Barbara's singing but is she kidding??? Obama was not a leader, he was a divider… https://t.co/GwXT04rTWu","Pennsylvania, USA"
161,2017-11-09 23:27:29,negative,"This is the absolute worst time to be investing in the stock market.  It’s at a literal all time high, what goes up… https://t.co/zDmlFiiA1j",ny-stl-wisco 
162,2017-11-09 23:26:46,positive,"Jadenna is making a play for tge Nigerian market while still holding down his niche in the US, smart and risky","Lagos, Nigeria"
163,2017-11-09 23:25:46,negative,US market down https://t.co/q5tN5J91af,commodities for 2018
164,2017-11-09 23:24:54,negative,"RT @_Mr_Reed: It was this blind man, right?
Man, check this out- it was this blind man, right?
He was feelin' his way down the street with…",
165,2017-11-09 23:23:29,positive,"@AReneeMcNeal @ABCPolitics @KVUE First off, going back to a free market system will over a period of time actually… https://t.co/QXU2wEaKub","Oklahoma City, OK"
166,2017-11-09 23:23:28,negative,"RT @_Mr_Reed: It was this blind man, right?
Man, check this out- it was this blind man, right?
He was feelin' his way down the street with…",Oregon
167,2017-11-09 23:23:28,negative,"RT @realDonaldTrump: As I have long stated, we are so tied in with China and Asia that their markets are now taking the U.S. market down. G…","Pierrefonds,Québec, Canada"
168,2017-11-09 23:23:27,negative,"RT @_Mr_Reed: It was this blind man, right?
Man, check this out- it was this blind man, right?
He was feelin' his way down the street with…",
169,2017-11-09 23:23:03,negative,"RT @realDonaldTrump: As I have long stated, we are so tied in with China and Asia that their markets are now taking the U.S. market down. G…",a few acres of snow.
170,2017-11-09 23:22:37,negative,"RT @M_PaulMcNamara: 2015: Bloody kids don't remember market carnage 2008
2017: Bloody kids don't remember a 1% down day on S&amp;P",
171,2017-11-09 23:22:22,positive,RT @mergerguy: @FoxBusiness Disney CEO Bob Igar is too busy supporting NFL protestors and supporting ESPN assholes to have time to pay atte…,
172,2017-11-09 23:22:07,negative,Distillates led the crude market up. Will they now lead it back down? https://t.co/vqFIQhLsI3,
173,2017-11-09 23:21:44,neutral,RT @j8theatre: Review of UTMR from @guardianchorley #chorley https://t.co/Vs1zli3BjQ https://t.co/iaZsXKlg6X,"Chorley, England"
174,2017-11-09 23:21:23,negative,"RT @chelseaallynnn: Hey check this out man tell it.It was this blind man right,it was this blind man right.He was feelin' his way down the…","Waverly, NY"
175,2017-11-09 23:20:40,negative,The #Market is  going to come down big-time ...  I'm just saying beware there's no way I can keep going up.… https://t.co/u4oJfNzHn7,"Florida, USA"
176,2017-11-09 23:20:38,negative,"RT @SavDreww: Hey check this out
It was this blind man right
Man check this out it was this blind man right
He was feelin his way down the…",
177,2017-11-09 23:20:27,negative,"RT @ArizonaKayte: On this day, One year later...

How's the Stock Market?
How's your 401K?
Unemployment down?
Business regulations eased?…","NC, VA, WV, DC, NJ, NY"
178,2017-11-09 23:20:11,negative,"RT @_Mr_Reed: It was this blind man, right?
Man, check this out- it was this blind man, right?
He was feelin' his way down the street with…",dexters labratory
179,2017-11-09 23:19:36,negative,"RT @_Mr_Reed: It was this blind man, right?
Man, check this out- it was this blind man, right?
He was feelin' his way down the street with…",
180,2017-11-09 23:17:38,negative,"RT @_Mr_Reed: It was this blind man, right?
Man, check this out- it was this blind man, right?
He was feelin' his way down the street with…",Tay
181,2017-11-09 23:17:35,positive,"RT @LVMPDBAC: We are here at the Free Farmers Market, come on down! https://t.co/XsLPvuVRyE","Las Vegas, NV"
182,2017-11-09 23:15:34,positive,One of the hallmarks of the Telecommunications Act of 1996 is this free market competitive idea: If we open the mar… https://t.co/wFEDfl736D,Global
183,2017-11-09 23:15:27,negative,"RT @freedom_luvr: @Jujube_blue @StockMonsterUSA If you blindly watch CNN you wouldnt know there is lowest unemployment in almost 20 yrs, IS…",
184,2017-11-09 23:15:17,negative,"RT @_Mr_Reed: It was this blind man, right?
Man, check this out- it was this blind man, right?
He was feelin' his way down the street with…",
185,2017-11-09 23:14:19,negative,"RT @kazonomics: The brutality of #Altcoinwinter came about from the lack of market understanding, terrible risk, management &amp; poor math ski…",
186,2017-11-09 23:11:56,negative,"Heads Up! 

Slammed Society is going down this Saturday at the Old Dededo Flea Market. 

Be there! https://t.co/8AlvlzAf32",Guam
187,2017-11-09 23:10:37,negative,"RT @realDonaldTrump: Unemployment is down to 4.1%, lowest in 17 years. 1.5 million new jobs created since I took office. Highest stock Mark…","Tallahassee, FL"
188,2017-11-09 23:10:18,positive,"RT @JustinWolfers: Huge movements in prediction markets for Alabama senate:
Moore: 59% (down from 89%)
Jones: 40% (up from 13%)
Strange: 10…",
189,2017-11-09 23:10:04,negative,"RT @_Mr_Reed: It was this blind man, right?
Man, check this out- it was this blind man, right?
He was feelin' his way down the street with…","Portland, OR"
190,2017-11-09 23:10:03,neutral,@uhshanti @ChiragB87 @BernieSanders @SenSanders 1) Bernie wasn't a NIMBY when he was mayor: https://t.co/HSlPiGg4EP… https://t.co/loZGaO77BO,"San Francisco, CA"
191,2017-11-09 23:09:55,negative,@Austin33072644 @dkram230 @TylDurden @dsg95kroq @Wario64 @Xbox @PlayStation @Nintendo Money that went down the drai… https://t.co/KPyu4aHqNJ,
192,2017-11-09 23:09:52,negative,"RT @uk_morningstar: #Burberry's shift upmarket given thumbs down by the market, with shares off nearly 12%; @morningstarinc analyst note to…","UK,EU,USA,Japan,Singapore"
193,2017-11-09 23:09:48,negative,"RT @freedom_luvr: @Jujube_blue @StockMonsterUSA If you blindly watch CNN you wouldnt know there is lowest unemployment in almost 20 yrs, IS…","Tennessee, USA"
194,2017-11-09 23:09:04,negative,"#Trump presidency so far: 
Pedophile Hollywood is going down
Stock market at record highs
#ISIS has just been defeated","Johnston, RI"
195,2017-11-09 23:09:03,negative,"RT @_Mr_Reed: It was this blind man, right?
Man, check this out- it was this blind man, right?
He was feelin' his way down the street with…",gemini
196,2017-11-09 23:08:43,negative,"RT @_Mr_Reed: It was this blind man, right?
Man, check this out- it was this blind man, right?
He was feelin' his way down the street with…","Chandler, AZ"
197,2017-11-09 23:08:12,neutral,@Nick19F @TraceAgain I would not set specific targets myself. Just see what the market does. When it starts to go s… https://t.co/hlr69QXzYu,18+ to enter
198,2017-11-09 23:07:08,positive,RT @MajKyleBaxter: @RyanAFournier @realDonaldTrump making America great again one deal at a time! He's repairing all the damage @BarackObam…,"Texas, USA"
199,2017-11-09 23:05:50,negative,"@sherylcamp @BarbraStreisand @realDonaldTrump @BarackObama Did you see low unemployment, market up, illegal immigra… https://t.co/X0GvWOY7LT",Dover NH
200,2017-11-09 23:18:24,negative,@erratictrader @jeffkilburg @CNBC @SquawkCNBC @Nasdaq That’s just cold. And if you must know Jeff is actually bending down,Chicago
201,2017-11-09 23:05:04,negative,Breaking Down: Natural Health Trends Corp. (NASDAQ:NHTC) Stock Drop Below Support -- Technicals Hit Extreme ... - C… https://t.co/0KAFMG72eX,
202,2017-11-09 22:10:20,positive,"RT @asr_wealth: $DJIA $NASDAQ and $SPX all lower overnight, which sees the $SPI down for the open today. $OIL &amp; $GOLD higher. Full report…",
203,2017-11-09 22:10:15,positive,"RT @asxstocktips: $DJIA $NASDAQ and $SPX all lower overnight, which sees the $SPI down for the open today. $OIL &amp; $GOLD higher. Full report…",
204,2017-11-09 22:09:16,negative,"RT @WallStreetBD: @BloombergTV breaks down why retail is about to die. @Nasdaq @Nyse #Bloomberg
https://t.co/F7rzJg7WyO","Edmonton, Alberta"
205,2017-11-09 22:07:21,negative,"RT @clintonkowach: Walt Disney Earnings, Revenues Miss Street; Shares Down 3% https://t.co/NgPHlihaY6 via @Nasdaq #News #Bibleprophecy #Tru…",
206,2017-11-09 22:06:40,negative,"Market Close: MBS -9bps; DOW -101.42; NASDAQ -39.07; S&amp;P 500 -9.76; 10yr Treasury 2.34%; Markets down, Stocks cashi… https://t.co/mbORNhe6Nl","Redondo Beach, CA"
207,2017-11-09 22:05:15,negative,"#Business  Walt Disney Earnings, Revenues Miss Street; Shares Down 3%: - Walt Disney… https://t.co/0YePoI6BVW",europe
208,2017-11-09 22:04:53,negative,"Walt Disney Earnings, Revenues Miss Street; Shares Down 3% https://t.co/NgPHlihaY6 via @Nasdaq #News #Bibleprophecy… https://t.co/ld7UwC3KJU","Colorado, USA"
209,2017-11-09 22:03:16,positive,"$DJIA $NASDAQ and $SPX all lower overnight, which sees the $SPI down for the open today. $OIL &amp; $GOLD higher. Full… https://t.co/3GFaAG49bW","Sydney, New South Wales"
210,2017-11-09 22:03:15,positive,"$DJIA $NASDAQ and $SPX all lower overnight, which sees the $SPI down for the open today. $OIL &amp; $GOLD higher. Full… https://t.co/OKQlSTzB9G",Australia
211,2017-11-09 21:53:11,negative,"$NFLX Walt Disney Earnings, Revenues Miss Street; Shares Down 3% https://t.co/wB7v5GAuuV",
212,2017-11-09 21:49:24,negative,"$DIS Walt Disney Earnings, Revenues Miss Street; Shares Down 3% https://t.co/wB7v5GAuuV",
213,2017-11-09 21:49:24,negative,"Walt Disney Earnings, Revenues Miss Street; Shares Down 3% https://t.co/cgZea8Orr2","New York, NY"
214,2017-11-09 21:46:10,negative,"Walt Disney Earnings, Revenues Miss Street; Shares Down 3% https://t.co/NIOU2wTCZH",
215,2017-11-09 21:43:17,negative,"Dow down 101 pts (0.4%) to 23,462.
S&amp;P 500 down 10 pts (0.4%) to 2,585.
Nasdaq down 39 pts (0.6%) to 6,750.",Australia
216,2017-11-09 21:37:43,negative,What did @realDonaldTrump do/say today.  All 3 markets are DOWN. Usually happens when he tweets or opens his mouth.… https://t.co/ocjCVHaBr8,"Phoenix, AZ"
217,2017-11-09 21:14:25,negative,"RT trendytradepd ""SPX down 0.38%
Nasdaq down 0.58%
DJIA down 0.58%
WTI crude up 0.49% (57.09)
Comex gold ip 0.25%
Euro 1.1643
Yen 113.37
$S…",The Lab
218,2017-11-09 21:14:12,negative,"RT trendytradepd ""SPX down 0.38%
Nasdaq down 0.58%
DJIA down 0.58%
WTI crude up 0.49% (57.09)
Comex gold ip 0.25%
Euro 1.1643
Yen 113.37
$S…",Cyberspace
219,2017-11-09 21:12:22,negative,"RT trendytradepd ""SPX down 0.38%
Nasdaq down 0.58%
DJIA down 0.58%
WTI crude up 0.49% (57.09)
Comex gold ip 0.25%
Euro 1.1643
Yen 113.37
$S…",The Hunt for Winners
220,2017-11-09 21:10:58,negative,"They bought the dip, again.
Stocks close down but up from day's lows. Dow -101, 0.4%.
Nasdaq -0.6%, S&amp;P -0.4%.

https://t.co/L94c2hOXQw",Los Angeles
221,2017-11-09 21:09:25,negative,"DOW down 101.42 to 23,461.94
NASDAQ down 39.06 to 6,750.05","Gaffney, S.C."
222,2017-11-09 21:09:18,negative,"RT trendytradepd ""SPX down 0.38%
Nasdaq down 0.58%
DJIA down 0.58%
WTI crude up 0.49% (57.09)
Comex gold ip 0.25%
Euro 1.1643
Yen 113.37
$S…",Money Land
223,2017-11-09 21:07:13,negative,"RT trendytradepd ""SPX down 0.38%
Nasdaq down 0.58%
DJIA down 0.58%
WTI crude up 0.49% (57.09)
Comex gold ip 0.25%
Euro 1.1643
Yen 113.37
$S…",The War Room
224,2017-11-09 21:06:14,negative,"RT trendytradepd ""SPX down 0.38%
Nasdaq down 0.58%
DJIA down 0.58%
WTI crude up 0.49% (57.09)
Comex gold ip 0.25%
Euro 1.1643
Yen 113.37
$S…",The Trading Desk
225,2017-11-09 21:05:32,negative,Nasdaq Composite ends down 0.6% https://t.co/bcrYfvBRaT,Solo
226,2017-11-09 21:05:16,negative,"RT trendytradepd ""SPX down 0.38%
Nasdaq down 0.58%
DJIA down 0.58%
WTI crude up 0.49% (57.09)
Comex gold ip 0.25%
Euro 1.1643
Yen 113.37
$S…",The Market
227,2017-11-09 21:05:09,negative,?? Nasdaq Composite ends ? down 0.6% https://t.co/z0GgkCj4Xj MARKETWATCH,
228,2017-11-09 21:04:45,negative,"Stocks slide. The Dow closed at 23,461.94, down 101.42 (-0.43%). Nasdaq -0.58%. S&amp;P -0.38%.",Honolulu
229,2017-11-09 21:02:16,negative,"SPX down 0.38%
Nasdaq down 0.58%
DJIA down 0.58%
WTI crude up 0.49% (57.09)
Comex gold ip 0.25%
Euro 1.1643
Yen 113.37
$SPX $COMP $DJIA","Miami, FL"
230,2017-11-09 21:00:34,negative,"NASDAQ UNOFFICIALLY CLOSES DOWN 39.86 POINTS, OR 0.59 PERCENT, AT 6,749.26","London, England"
231,2017-11-09 20:42:35,negative,"The Dow, S&amp;P and NASDAQ try once again today to cut losses. The Dow was down 250 points, now down 120 points.","Redondo Beach, CA"
232,2017-11-09 20:04:17,negative,"The Dow, S&amp;amp;P and NASDAQ try once again today to cut losses. The Dow was down 250 points, now down 120 points.",
233,2017-11-09 20:00:47,positive,"Nasdaq would need to drop 60 points now into the close to really turn the daily chart down... 
https://t.co/GOW94xIcnv","Bay Area, California"
234,2017-11-09 19:52:17,negative,"RT @FinanzLinksCom: Dow Sharply Lower With Tax Plan Still Uncertain, Tech Weighs on Nasdaq: Dow Sharply Lower With Tax Plan Still Uncertain…",
235,2017-11-09 19:37:36,negative,"RT @NaviAvatar1: Nasdaq Down 18, $AAPL $AMZN $NVDA $TSLA $SNAP $FB $SPY $TWTR https://t.co/7RqzN7mIQv","Shaker Heights, OH"
236,2017-11-09 19:36:52,negative,"The Dow, S&amp;amp;P and NASDAQ try once again today to cut losses. The Dow was down 250 points, now down 120 points.","Milwaukee, WI"
237,2017-11-09 19:16:59,neutral,"Dow, S&amp;P, and NASDAQ fall today amid tax reform delay.  https://t.co/Cdfa9tGdf6","Virginia, USA"
238,2017-11-09 19:03:17,negative,"Wall Street Instant Update; stocks at 2pm Dow down 152, Nasdaq -65, S&amp;P -16; Oil up .8%; Gold settles at $1287.50 oz. up .3%",Florida
239,2017-11-09 18:47:13,neutral,https://t.co/UHnci7O6tF https://t.co/AocNqnwBng,"Ottawa, ON, Canada"
240,2017-11-09 18:16:51,negative,"Dow Sharply Lower With Tax Plan Still Uncertain, Tech Weighs on Nasdaq: Dow Sharply Lower With Tax Plan Still Uncer… https://t.co/1ZDGhzvhHv",
241,2017-11-09 18:09:49,negative,"#DOW Dec Futures slump by 231 points to 23,260.

#Nasdaq Dec down 106.75 points to 6,244.75 from 6,351.50","Mumbai, India"
242,2017-11-09 18:09:49,negative,"#DOW Dec Futures slump by 231 points to 23,260.

#Nasdaq Dec down 106.75 points to 6,244.75 from 6,351.50",Mumbai
243,2017-11-09 18:07:29,neutral,big drop. don't bet on anything yet. just holding cash and sit &amp; watch. nasdaq may pull back to mid BB on daily 667… https://t.co/mmkKNH4IFF,"Chicago, IL"
244,2017-11-09 18:01:27,negative,"US STOCKS-Wall St slumps on fears of delay in tax-cut plan - * Indexes down: Dow 0.94 pct, S&amp;P 0.93 pct, Nasdaq... https://t.co/SgdYRRJzhM",
245,2017-11-09 17:40:10,negative,"What does the stock fall look like technically? A look at the Nasdaq  and S&amp;P
Stocks are trading near lows with Nasdaq down -1.20% and the …",
246,2017-11-09 17:35:46,positive,@FREESTOCKPICK MKT TANKING dow down 100 nasdaq down 100 WOW your cheap puts YESSS for you wow,"41.136801,-73.986265"
247,2017-11-09 17:35:39,negative,@Tony_BATtista I will personally fund Tom's Dinkle habit if it can take the Nasdaq down 100 handles a day!!!,
248,2017-11-09 17:32:58,negative,Nasdaq down triple digits @IvanTheK,"St. Louis, MO"
249,2017-11-09 17:31:08,neutral,"$ALRM
https://t.co/OL08wfAemT shares plunge despite Q3 beats, upside guidance
https://t.co/OL08wfAemT (NASDAQ:ALRM)… https://t.co/AMIuyT8hZ3",
250,2017-11-09 17:20:48,positive,"Hate to sound like Roger Babson or proud but looking like 2018-19 30% 
Down maybe Dow 15,750 nasdaq off 40 . Recession turns near depression",Boston MA
251,2017-11-09 17:19:53,negative,NASDAQ down %1.19,"Texas, USA"
252,2017-11-09 17:18:52,negative,Dow &amp; NASDAQ down nearly 1%,"Texas, USA"
253,2017-11-09 17:18:29,negative,BREAK..SHOCKING..SHOCKING..Senate GOP plan would delay corporate tax cut until 2019..Shocking for Wall Street..… https://t.co/alhQVLsanr,
254,2017-11-09 17:17:21,negative,"Dow down over 200, S&amp;P 500 down 20. Nasdaq Composite down over 80.  https://t.co/wDPTbOxoDo",
255,2017-11-09 17:10:26,negative,@Nasdaq options chain page is down today,
256,2017-11-09 17:09:40,positive,$BZUN tomorrow will be a better day. Down day for Nasdaq.,"Zgharta, Lebanon "
257,2017-11-09 17:03:06,negative,"What did Tony just say?

balls deep $Nasdaq short and taking small profits all the way down.",North America
258,2017-11-09 17:02:05,negative,"#DOW Dec Futures slump by 150 points to 23,341.

#Nasdaq Dec down 79.25 points to 6,272.25 from 6,351.50","Mumbai, India"
259,2017-11-09 17:02:05,negative,"#DOW Dec Futures slump by 150 points to 23,341.

#Nasdaq Dec down 79.25 points to 6,272.25 from 6,351.50",Mumbai
260,2017-11-09 17:01:56,negative,"Wall Street Instant Update; stocks down across the board at noon DJI -180, Nasdaq down 1%, S&amp;P -18; Oil up .6%; Gold +.2%",Florida
261,2017-11-09 16:58:51,negative,BREAK..#DowJones down 190p and #Nasdaq down 72p. right now… https://t.co/YEPVFjQBQx,
262,2017-11-09 16:41:25,positive,The Machines are really trying to hold the 2nd support trend-line on the 3 month hourly chart (quick violation this… https://t.co/RpsvesuBz2,Boston
263,2017-11-09 16:41:16,positive,TREND REVERSAL DOWN ALERT: $FTXO FIRST TRUST NASDAQ BANK ETF ? TradeIdeas via https://t.co/VS8RO1bzXJ to Free Trading Room,Universe
264,2017-11-09 16:31:37,negative,U.S. Markets are open Dow down 129.01 NASDAQ down 50.89 S&amp;P500 down 12.98 https://t.co/YB7OvzRtSY,"Texas, USA"
265,2017-11-09 16:16:52,negative,"The Dow Jones is down 0.3% at 23,488 points, while the wider S&amp;P 500 is down 0.4% at 2,583 points and the tech-heav… https://t.co/0cDL7OWSjY","Manchester, England"
266,2017-11-09 15:00:34,negative,"Wall Street Instant Update; the major market averages fall by 116 Dow points, the Nasdaq off 60, with the S&amp;P down 14",Florida
267,2017-11-09 15:00:04,negative,Did you hear about the Squirrel that shut down the NY Stock Exchange? He was related to Alex... https://t.co/wlNkvBQSkB,"Calgary, Alberta"
268,2017-11-09 14:58:21,negative,"Nasdaq falling 1% 
Dow down triple digits.....tech and bank stocks amid tax cuts not happening  

S&amp;P 500 volatility +11%",
269,2017-11-09 14:56:44,negative,"Dow is down over 100 in early trading, S&amp;P 500 down over 14. The Nasdaq Composite is down 60 plus, as the Vix is su… https://t.co/iNCbGAq8kO",
270,2017-11-09 14:54:01,negative,"#Nasdaq Dec down 71.50 points to 6,280.50 from 6,351.50","Mumbai, India"
271,2017-11-09 14:54:01,negative,"#Nasdaq Dec down 71.50 points to 6,280.50 from 6,351.50",Mumbai
272,2017-11-09 14:51:49,negative,"RT @nanexllc: Nasdaq 100 now down 1%. S&amp;P 500 -0.6%
$QQQ $SPY",Ici et là
273,2017-11-09 14:45:42,negative,"U.S. STOCKS EXTEND FALL, NASDAQ DOWN 1.00 PCT","London, England"
274,2017-11-09 14:45:13,negative,"Nasdaq 100 now down 1%. S&amp;P 500 -0.6%
$QQQ $SPY","Chicago, IL"
275,2017-11-09 14:44:11,negative,Hey @NASDAQ can you please take my algo order that is cutting down my trading sizes to keep quiet... and tell every… https://t.co/hzD3gtluos,"Chatham, NJ"
276,2017-11-09 14:32:01,negative,"NASDAQ DOWN 52.60 POINTS, OR 0.77 PERCENT, AT 6,736.52 AFTER MARKET OPEN","London, England"
277,2017-11-09 14:30:31,negative,RT @BullBearCharts: Gap Down - $VSTO $MEET $OPK $INFN $SHIP $PEGA $SRCI $CTL $SRCL $TTNP $CVRR $KSS $JRVR $NYRT $BW $DCIX $HTGM $CSOD $CCJ…,World
278,2017-11-09 14:30:14,negative,Gap Down - $VSTO $MEET $OPK $INFN $SHIP $PEGA $SRCI $CTL $SRCL $TTNP $CVRR $KSS $JRVR $NYRT $BW $DCIX $HTGM $CSOD… https://t.co/Z9DQxc2dmU,
279,2017-11-09 14:27:54,negative,"@BloombergTV breaks down why retail is about to die. @Nasdaq @Nyse #Bloomberg
https://t.co/F7rzJg7WyO","Edmonton, Alberta"
280,2017-11-09 14:11:45,negative,"Its been awhile but the stock market is off this morning lead by the Nasdaq down almost 3/4%.

Of note, financial... https://t.co/H1ouJyO5XS",las vegas
281,2017-11-09 14:11:36,negative,"Its been awhile but the stock market is off this morning lead by the Nasdaq down almost 3/4%.

Of note, financial  https://t.co/YxqienI2Lf",las vegas
282,2017-11-09 14:03:54,positive,Opko Health (NASDAQ:OPK) Down Nearly 10% Pre-Market - Live Trading News https://t.co/yvLDD7yfTZ via @livetradingnews,"Bangkok, Thailand"
283,2017-11-09 14:02:04,negative,"US STOCKS-S&amp;P, Dow flat; Nasdaq weighed down by Priceline (PCLN, WTW, EMR) https://t.co/RXHpnbdRsH",
284,2017-11-09 13:50:33,negative,"Stock Futures Down As Intel Hinders Dow, This IPO Blasts Off https://t.co/XgE5TDg5VA",Your iPhone/iPad
285,2017-11-09 13:48:40,negative,Main Indexes (#SP500 #NASDAQ #NIKKEI) down pretty hard overnight. Undoing the bullish spike of yesterday afternoon.… https://t.co/GHax2sk1eL,
286,2017-11-09 13:40:23,negative,"Nasdaq-100 futures down 0.8% at 6,292 https://t.co/gavnOWkB3b",Solo
287,2017-11-09 13:33:39,negative,"?? Nasdaq-100 futures ? down 0.8% at 6,292 https://t.co/8myxUIBrtz MARKETWATCH",
288,2017-11-09 13:32:48,negative,"US Briefing 09-11-17: Euro Zone To Grow Fastest In Decade In 2017, Spain PM Rajoy: Spain Could Revise Down 2018 Gro… https://t.co/M1sgsAueds",New York
289,2017-11-09 13:27:42,neutral,$spx $nasdaq $ftse $dax $cac $djia $c $XOM $amzn $googl $AVGO $AAPL $WFM $cvs $bac $td $WMT $COST $WFC $jnj $GE $GS… https://t.co/P3nAqs47CM,
290,2017-11-09 13:25:54,negative,"Dow Jones future -98, Nasdaq future -47 points DOWN.... https://t.co/Cj38XsYQn6","Tamil Nadu, India"
291,2017-11-09 13:24:19,negative,"Stock Futures Down As Intel Hinders Dow, This IPO Blasts Off https://t.co/R8hkuUlgZ3","New York, New York"
292,2017-11-09 13:23:01,negative,Us futures indexes are set to open down: S&amp;P 500 -0.56%  DOW -0.46%  NASDAQ -0.73% $DJIA $DIA $QQQ $SPY (https://t.co/zCCs5Z2apJ) #trading,Miami
293,2017-11-09 13:22:48,positive,"RT @MooreToTheStory: Wall Street Instant Update at the close the Dow crawled to a new record high at 23,563 up 6, the Nasdaq up 21; Oil clo…",beefentertainment@mail.com
294,2017-11-09 11:24:56,negative,"#Stockmarket #Futures: Dow Jones-Down 53,S&amp;P 500-Down 5, @Nasdaq-Down 14,#Gold- 1285,#Silver- 17.08,#Oil- 56.91,Asian Markets(#Nikkei)-22869","590 Honeysuckle Lane Seattle,"
295,2017-11-09 11:06:10,neutral,"Deutsche Telekom Q3 Net Profit fell 51.9% to 0.5 billion euros.
(adjusted net profit grew 19.6 percent to 1.2 billi… https://t.co/o3D5wz1XsS","Europa, baby!"
296,2017-11-09 22:42:11,negative,RT @newsinvesting: U.S. #stocks lower at close of trade; Dow Jones Industrial Average down 0.48% - https://t.co/2SvhVH3asE,Pretoria
297,2017-11-09 21:49:35,negative,RT @GottaLaff: Dow Jones down 101. Will Trump take credit for that too?,"Portland, Oregon "
298,2017-11-09 21:27:04,negative,#Dow Jones down over 200pts as global markets suffer https://t.co/ivGqveGF4S via @proactive_NA,
299,2017-11-09 21:25:22,negative,RT @GottaLaff: Dow Jones down 101. Will Trump take credit for that too?,Somewhere over the rainbow.
300,2017-11-09 21:22:25,negative,RT @GottaLaff: Dow Jones down 101. Will Trump take credit for that too?,United States
301,2017-11-09 21:20:19,negative,Dow Jones down 101. Will Trump take credit for that too?,California
302,2017-11-09 21:03:07,negative,U.S. stocks lower at close of trade; Dow Jones Industrial Average down 0.48% https://t.co/QBOliTNrvs https://t.co/Mk3ti8rAfa,
303,2017-11-09 21:00:22,negative,"DOW JONES UNOFFICIALLY CLOSES DOWN 101.63 POINTS, OR 0.43 PERCENT, AT 23,461.73","London, England"
304,2017-11-09 20:35:04,negative,?? U.S. stocks lower ? at close of trade; ?? Dow Jones Industrial Average down ? 0.48% https://t.co/hSTNxYB0gl INVESTINGcom,
305,2017-11-09 20:34:27,positive,"Hi, here is something I thought you might find interesting: - https://t.co/9dgRl5v6ve",
306,2017-11-09 20:30:15,negative,U.S. #stocks lower at close of trade; Dow Jones Industrial Average down 0.48% - https://t.co/2SvhVH3asE,Global
307,2017-11-09 20:26:16,negative,"Best November 11th in Dow Jones Industrial Average History:
1911 – Up 2.92%, 1.67 points. 

Worst November 11th in… https://t.co/OESoyDL0tx",
308,2017-11-09 20:25:26,negative,U.S. stocks lower at close of trade; Dow Jones Industrial Average down 0.48% - https://t.co/imvGRsedMY,Worldwide
309,2017-11-09 20:21:54,neutral,"@jr_bacerott @_KeziaJade And the cabinet. He’s fired and fought, yes. But have you seen him and his cabinet praying… https://t.co/uVSN4ILgbC","Texas, USA"
310,2017-11-09 19:52:17,negative,"RT @FinanzLinksCom: Dow Sharply Lower With Tax Plan Still Uncertain, Tech Weighs on Nasdaq: Dow Sharply Lower With Tax Plan Still Uncertain…",
311,2017-11-09 19:52:17,negative,"RT @LuisBenguerel: Que aburrido esta todo el mercado cuando salta como alarma bloomberg 
U.S. STOCKS EXTEND FALL, DOW JONES DOWN 1.00% 

Pá…",
312,2017-11-09 19:44:36,negative,"Morning All, currently Dow Jones 23,442 down 121, Facebook $178, Twitter $19.98, Amazon $1,126, Berkshire Hathaway… https://t.co/5QdgquH32e",Australia
313,2017-11-09 18:25:26,negative,"Dow Jones Index Still Down Over -150 pts, But Has Recovered Nearly 50%; Day's Lowest Point Was -256pts (23,310.02)",USA
314,2017-11-09 18:21:38,negative,"RT @LuisBenguerel: Que aburrido esta todo el mercado cuando salta como alarma bloomberg 
U.S. STOCKS EXTEND FALL, DOW JONES DOWN 1.00% 

Pá…",madrid 
315,2017-11-09 18:20:48,negative,"@Rosco34 Bwahahaha what a stupid statement job market isn't tanking ?
Unemployment Rate Falls to 4.1%… https://t.co/qZeg8j6vvK",United States
316,2017-11-09 18:16:51,negative,"Dow Sharply Lower With Tax Plan Still Uncertain, Tech Weighs on Nasdaq: Dow Sharply Lower With Tax Plan Still Uncer… https://t.co/1ZDGhzvhHv",
317,2017-11-09 18:07:23,positive,"RT @ConservGayGuy: 1) Dow Jones up 29%.

2) Stock market created $5 trillion in new wealth.

3) Economic growth up to 3%. 

4) Unemployment…",Fort Worth Texas
318,2017-11-09 17:43:56,positive,"Dow Jones down 1%, twitter feels like we went through the great depression LOL. https://t.co/AfyCG3TMg0",toronto
319,2017-11-09 17:38:18,negative,"RT @adsslondon: Dow Jones down 181.93 points today. That's 0.77% on the day.

Is this the beginning of the reversal? @TheBubbleBubble",
320,2017-11-09 17:37:08,negative,$INDU Dow Jones is up around 1700 points over the past 3 months &amp; 700 points over past month. Bumpy market would ex… https://t.co/zzXVtY6mWt,Tweeting from London
321,2017-11-09 17:32:59,negative,The Dow Jones Industrial Average is down 1% right now... so I know what it felt like in 1929.,"Atlanta, GA"
322,2017-11-09 17:24:13,neutral,"Saudi Arabia declares war on Lebanon; orders citizens to leave the country immediately. Oil prices to surge. 

Dow… https://t.co/gZqGru4utK","India,Ahmedabad"
323,2017-11-09 17:21:50,negative,"Que aburrido esta todo el mercado cuando salta como alarma bloomberg 
U.S. STOCKS EXTEND FALL, DOW JONES DOWN 1.00% 

Pánico en los mercados",BARCELONA 
324,2017-11-09 17:21:27,negative,"RT @DeItaOne: U.S. STOCKS EXTEND FALL, DOW JONES DOWN 1.00 PCT https://t.co/tH33ZDcv2d",??
325,2017-11-09 17:18:56,negative,Dow Jones 23346 -216 points down !!! https://t.co/iamBCizpcF,"Tamil Nadu, India"
326,2017-11-09 17:18:54,negative,"RT @DeItaOne: U.S. STOCKS EXTEND FALL, DOW JONES DOWN 1.00 PCT https://t.co/tH33ZDcv2d",Made in USA  ?? MAGA
327,2017-11-09 17:18:12,negative,"RT @DeItaOne: U.S. STOCKS EXTEND FALL, DOW JONES DOWN 1.00 PCT https://t.co/tH33ZDcv2d",The Milky Way
328,2017-11-09 17:17:10,negative,"U.S. STOCKS EXTEND FALL, DOW JONES DOWN 1.00 PCT https://t.co/tH33ZDcv2d",
329,2017-11-09 17:13:16,negative,"Dow Jones DOWN over 200 points, WHY? CONGRESS AND SENATE COWARDS ARE FAILING YOU WITH NO RESOLVE ON CORP TAX CUT &amp; Ind tax relief","Casa Grande, AZ"
330,2017-11-09 16:56:47,negative,"Dow Jones down 181.93 points today. That's 0.77% on the day.

Is this the beginning of the reversal? @TheBubbleBubble","London, England"
331,2017-11-09 16:18:20,positive,@swalters5 @Mallieyork @waterbuck2017 @TomSteyer You realize the Dow jones is an indicator of economic performance… https://t.co/ZyEqEo2iiQ,
332,2017-11-09 16:16:52,negative,"The Dow Jones is down 0.3% at 23,488 points, while the wider S&amp;P 500 is down 0.4% at 2,583 points and the tech-heav… https://t.co/0cDL7OWSjY","Manchester, England"
333,2017-11-09 16:15:54,positive,Money Morning &gt; The Dow Jones Today Is Already Down 100 Points Thanks to the Retail Ice Age https://t.co/cZ4K5TwN6p,Malaysia
334,2017-11-09 16:01:15,neutral,Money Morning &gt; https://t.co/eXUypRLDwQ,Malaysia
335,2017-11-09 15:46:09,positive,Money Morning &gt; The Dow Jones Today Is Already Down 100 Points Thanks to the Retail Ice Age https://t.co/C95vulLObY,Malaysia
336,2017-11-09 15:21:16,positive,"RT @ConservGayGuy: 1) Dow Jones up 29%.

2) Stock market created $5 trillion in new wealth.

3) Economic growth up to 3%. 

4) Unemployment…","Missouri, USA"
337,2017-11-09 15:15:14,positive,"RT @ConservGayGuy: 1) Dow Jones up 29%.

2) Stock market created $5 trillion in new wealth.

3) Economic growth up to 3%. 

4) Unemployment…","Louisiana, USA"
338,2017-11-09 15:14:36,neutral,"RT @Mr_Bobblehead73: @SwampOrUs @davemooneymusic @SlimSketchley @patriotgurrl @realDonaldTrump Stock market has been surging for years, kit…",
339,2017-11-09 15:07:56,neutral,"@SwampOrUs @davemooneymusic @SlimSketchley @patriotgurrl @realDonaldTrump Stock market has been surging for years,… https://t.co/FuGbrcx5rK",Somewhere
340,2017-11-09 15:06:40,negative,"#MarketMoves Stocks are down ? Dow Jones opened 100 points lower, getting closer to worst decline in 2 months. Trad… https://t.co/jR7HXOD0Lx",
341,2017-11-09 15:00:16,positive,The #DJIA Is Already Down 100 Points Thanks to the Retail Ice Age https://t.co/fQfgtIiuuE #Stocks #StockMarket https://t.co/Noh1aJyAs8,"Baltimore, Maryland U.S.A"
342,2017-11-09 14:57:54,positive,"RT @ConservGayGuy: 1) Dow Jones up 29%.

2) Stock market created $5 trillion in new wealth.

3) Economic growth up to 3%. 

4) Unemployment…","Colorado, USA"
343,2017-11-09 14:45:09,negative,Dow Jones Industrial Average opens down 0.4% https://t.co/bcrYfvBRaT,Solo
344,2017-11-09 14:42:45,negative,"@realdonaldtrump 

Markets down 100.
Ms. Dow n Mr. Jones not liking somthing today.
Maybe they realize this tax bil… https://t.co/HGEigwVIFa",
345,2017-11-09 14:40:06,negative,?? Dow Jones Industrial Average opens ? down 0.4% https://t.co/PFYnoOYJGQ MARKETWATCH,
346,2017-11-09 14:34:33,negative,Dow Jones Industrial Average opens down 0.4% https://t.co/Kd9XsbgzAR,"Dubai, United Arab Emirates"
347,2017-11-09 14:32:08,negative,"DOW JONES DOWN 112.77 POINTS, OR 0.48 PERCENT, AT 23,450.59 AFTER MARKET OPEN","London, England"
348,2017-11-09 14:31:53,negative,Dow jones down triple digits at the opening bell. #StockMarket #WallStreet #DowJones,"New York, NY"
349,2017-11-09 13:47:39,positive,"RT @ConservGayGuy: 1) Dow Jones up 29%.

2) Stock market created $5 trillion in new wealth.

3) Economic growth up to 3%. 

4) Unemployment…",North Carolina
350,2017-11-09 13:25:54,negative,"Dow Jones future -98, Nasdaq future -47 points DOWN.... https://t.co/Cj38XsYQn6","Tamil Nadu, India"
351,2017-11-09 13:23:12,positive,"RT @ConservGayGuy: 1) Dow Jones up 29%.

2) Stock market created $5 trillion in new wealth.

3) Economic growth up to 3%. 

4) Unemployment…","Atlanta, GA"
352,2017-11-09 13:22:45,negative,"RT @GlennTullett: GBPEUR  1.1315 down 0.35%
GBPUSD  1.3130 down 0.30%
EURUSD  1.1600 unchanged

Brent crude $63.50 unchanged
Gold $1,285 up…",beefentertainment@mail.com
353,2017-11-09 13:04:24,positive,"RT @ConservGayGuy: 1) Dow Jones up 29%.

2) Stock market created $5 trillion in new wealth.

3) Economic growth up to 3%. 

4) Unemployment…","Florida, USA"
354,2017-11-09 12:34:24,positive,"RT @ConservGayGuy: 1) Dow Jones up 29%.

2) Stock market created $5 trillion in new wealth.

3) Economic growth up to 3%. 

4) Unemployment…",
355,2017-11-09 11:35:19,positive,"RT @ConservGayGuy: 1) Dow Jones up 29%.

2) Stock market created $5 trillion in new wealth.

3) Economic growth up to 3%. 

4) Unemployment…","Marlborough, MA"
356,2017-11-09 11:24:56,negative,"#Stockmarket #Futures: Dow Jones-Down 53,S&amp;P 500-Down 5, @Nasdaq-Down 14,#Gold- 1285,#Silver- 17.08,#Oil- 56.91,Asian Markets(#Nikkei)-22869","590 Honeysuckle Lane Seattle,"
357,2017-11-09 11:04:06,positive,"RT @ConservGayGuy: 1) Dow Jones up 29%.

2) Stock market created $5 trillion in new wealth.

3) Economic growth up to 3%. 

4) Unemployment…","Nevada, USA"
358,2017-11-09 10:33:41,positive,"RT @ConservGayGuy: 1) Dow Jones up 29%.

2) Stock market created $5 trillion in new wealth.

3) Economic growth up to 3%. 

4) Unemployment…",
359,2017-11-09 09:41:03,positive,"RT @ConservGayGuy: 1) Dow Jones up 29%.

2) Stock market created $5 trillion in new wealth.

3) Economic growth up to 3%. 

4) Unemployment…",
360,2017-11-09 08:49:31,positive,"RT @ConservGayGuy: 1) Dow Jones up 29%.

2) Stock market created $5 trillion in new wealth.

3) Economic growth up to 3%. 

4) Unemployment…",California
361,2017-11-09 08:42:06,positive,"RT @ConservGayGuy: 1) Dow Jones up 29%.

2) Stock market created $5 trillion in new wealth.

3) Economic growth up to 3%. 

4) Unemployment…","Central Texas, USA"
362,2017-11-09 08:15:28,positive,"RT @ConservGayGuy: 1) Dow Jones up 29%.

2) Stock market created $5 trillion in new wealth.

3) Economic growth up to 3%. 

4) Unemployment…",United States
363,2017-11-09 07:56:52,positive,"RT @ConservGayGuy: 1) Dow Jones up 29%.

2) Stock market created $5 trillion in new wealth.

3) Economic growth up to 3%. 

4) Unemployment…","Nevada, USA"
364,2017-11-09 07:38:51,positive,"RT @ConservGayGuy: 1) Dow Jones up 29%.

2) Stock market created $5 trillion in new wealth.

3) Economic growth up to 3%. 

4) Unemployment…",United States
365,2017-11-09 07:13:07,positive,"RT @ConservGayGuy: 1) Dow Jones up 29%.

2) Stock market created $5 trillion in new wealth.

3) Economic growth up to 3%. 

4) Unemployment…",Deep in the Heart of Texas
366,2017-11-09 07:02:09,positive,"RT @ConservGayGuy: 1) Dow Jones up 29%.

2) Stock market created $5 trillion in new wealth.

3) Economic growth up to 3%. 

4) Unemployment…",USA
367,2017-11-09 06:58:14,positive,"RT @ConservGayGuy: 1) Dow Jones up 29%.

2) Stock market created $5 trillion in new wealth.

3) Economic growth up to 3%. 

4) Unemployment…",
368,2017-11-09 06:57:39,positive,"RT @ConservGayGuy: 1) Dow Jones up 29%.

2) Stock market created $5 trillion in new wealth.

3) Economic growth up to 3%. 

4) Unemployment…","Southampton, NY"
369,2017-11-09 06:10:18,positive,"RT @ConservGayGuy: 1) Dow Jones up 29%.

2) Stock market created $5 trillion in new wealth.

3) Economic growth up to 3%. 

4) Unemployment…",Northern California
370,2017-11-09 06:03:32,negative,"GBPEUR  1.1315 down 0.35%
GBPUSD  1.3130 down 0.30%
EURUSD  1.1600 unchanged

Brent crude $63.50 unchanged
Gold $1,… https://t.co/sCCyiRg6YD",Alicante 
371,2017-11-09 05:55:32,positive,"RT @ConservGayGuy: 1) Dow Jones up 29%.

2) Stock market created $5 trillion in new wealth.

3) Economic growth up to 3%. 

4) Unemployment…","Colorado, USA"
372,2017-11-09 05:22:46,positive,"RT @ConservGayGuy: 1) Dow Jones up 29%.

2) Stock market created $5 trillion in new wealth.

3) Economic growth up to 3%. 

4) Unemployment…","Manchester, NH USA"
373,2017-11-09 05:09:11,positive,"RT @ConservGayGuy: 1) Dow Jones up 29%.

2) Stock market created $5 trillion in new wealth.

3) Economic growth up to 3%. 

4) Unemployment…",
374,2017-11-09 05:06:26,positive,"RT @ConservGayGuy: 1) Dow Jones up 29%.

2) Stock market created $5 trillion in new wealth.

3) Economic growth up to 3%. 

4) Unemployment…",Onboard the Trumptrain seat 1A
375,2017-11-09 05:04:11,positive,"RT @ConservGayGuy: 1) Dow Jones up 29%.

2) Stock market created $5 trillion in new wealth.

3) Economic growth up to 3%. 

4) Unemployment…","San Diego, CA"
376,2017-11-09 05:03:29,positive,"RT @ConservGayGuy: 1) Dow Jones up 29%.

2) Stock market created $5 trillion in new wealth.

3) Economic growth up to 3%. 

4) Unemployment…",Hamburger Hill 
377,2017-11-09 04:51:13,positive,"RT @ConservGayGuy: 1) Dow Jones up 29%.

2) Stock market created $5 trillion in new wealth.

3) Economic growth up to 3%. 

4) Unemployment…",
378,2017-11-09 04:50:56,positive,"RT @ConservGayGuy: 1) Dow Jones up 29%.

2) Stock market created $5 trillion in new wealth.

3) Economic growth up to 3%. 

4) Unemployment…",United States of America
379,2017-11-09 04:46:16,positive,"RT @ConservGayGuy: 1) Dow Jones up 29%.

2) Stock market created $5 trillion in new wealth.

3) Economic growth up to 3%. 

4) Unemployment…","West Virginia, United States"
380,2017-11-09 04:27:30,positive,"RT @ConservGayGuy: 1) Dow Jones up 29%.

2) Stock market created $5 trillion in new wealth.

3) Economic growth up to 3%. 

4) Unemployment…",Taxachusetts
381,2017-11-09 04:23:37,positive,"RT @ConservGayGuy: 1) Dow Jones up 29%.

2) Stock market created $5 trillion in new wealth.

3) Economic growth up to 3%. 

4) Unemployment…","San Diego, CA"
382,2017-11-09 04:07:49,positive,"RT @ConservGayGuy: 1) Dow Jones up 29%.

2) Stock market created $5 trillion in new wealth.

3) Economic growth up to 3%. 

4) Unemployment…",
383,2017-11-09 04:02:51,positive,"RT @ConservGayGuy: 1) Dow Jones up 29%.

2) Stock market created $5 trillion in new wealth.

3) Economic growth up to 3%. 

4) Unemployment…","Little Rock, AR"
384,2017-11-09 03:57:58,positive,"RT @ConservGayGuy: 1) Dow Jones up 29%.

2) Stock market created $5 trillion in new wealth.

3) Economic growth up to 3%. 

4) Unemployment…",Washington
385,2017-11-09 03:34:11,positive,"RT @ConservGayGuy: 1) Dow Jones up 29%.

2) Stock market created $5 trillion in new wealth.

3) Economic growth up to 3%. 

4) Unemployment…","West Virginia, USA"
386,2017-11-09 03:28:55,positive,"RT @ConservGayGuy: 1) Dow Jones up 29%.

2) Stock market created $5 trillion in new wealth.

3) Economic growth up to 3%. 

4) Unemployment…",United States
387,2017-11-09 03:14:32,positive,"RT @ConservGayGuy: 1) Dow Jones up 29%.

2) Stock market created $5 trillion in new wealth.

3) Economic growth up to 3%. 

4) Unemployment…","Manchester, CT"
388,2017-11-09 03:11:55,positive,"RT @ConservGayGuy: 1) Dow Jones up 29%.

2) Stock market created $5 trillion in new wealth.

3) Economic growth up to 3%. 

4) Unemployment…","Land of the free, home of the Brave!"
389,2017-11-09 03:08:00,positive,"RT @ConservGayGuy: 1) Dow Jones up 29%.

2) Stock market created $5 trillion in new wealth.

3) Economic growth up to 3%. 

4) Unemployment…","Land of the Free, USA"
390,2017-11-09 03:04:50,positive,"RT @ConservGayGuy: 1) Dow Jones up 29%.

2) Stock market created $5 trillion in new wealth.

3) Economic growth up to 3%. 

4) Unemployment…",Florida 
391,2017-11-09 03:03:22,positive,"RT @ConservGayGuy: 1) Dow Jones up 29%.

2) Stock market created $5 trillion in new wealth.

3) Economic growth up to 3%. 

4) Unemployment…",
392,2017-11-09 03:03:00,positive,"RT @ConservGayGuy: 1) Dow Jones up 29%.

2) Stock market created $5 trillion in new wealth.

3) Economic growth up to 3%. 

4) Unemployment…","New York, USA"
393,2017-11-09 03:01:29,positive,"RT @ConservGayGuy: 1) Dow Jones up 29%.

2) Stock market created $5 trillion in new wealth.

3) Economic growth up to 3%. 

4) Unemployment…",
394,2017-11-09 03:00:40,positive,"1) Dow Jones up 29%.

2) Stock market created $5 trillion in new wealth.

3) Economic growth up to 3%. 

4) Unemplo… https://t.co/U1WGZmLvlP","Philadelphia, PA"
395,2017-11-08 23:23:37,positive,"RT @TeshPunja: Stock market at record high.

Dow Jones at record high.

Unemployment lowest in 17 years.

ISIS is on the run.

Relationship…",Ængelcynn
396,2017-11-09 23:54:06,negative,"PM Mkt Wrap: Bond market slipped in the red to $102.88, -9bps. On news of tax cut heavy battle, DowJ fell 101.42 pt… https://t.co/GB5c63in6d","Everett/Kirkland/Seattle, WA"
397,2017-11-09 23:52:44,neutral,US close: Markets in the red as Senate Republicans reveal their tax plans https://t.co/SqqMcVXUl2,The City of London
398,2017-11-09 23:49:23,positive,"RT @creationistcat: New Video: ""BLAIRE WHITE vs. RED PILL BLACK: DA SUPER SMACKDOWN!""

https://t.co/cLq5cKxJa7

A true win in da market pla…",
399,2017-11-09 23:47:05,neutral,"RT @Hepworth_Group: On the 9th November 2007, @Honda_UK produced its one millionth Civic, a red @TypeR destined for the British market. Whe…",
400,2017-11-09 23:46:57,positive,"RT @creationistcat: New Video: ""BLAIRE WHITE vs. RED PILL BLACK: DA SUPER SMACKDOWN!""

https://t.co/cLq5cKxJa7

A true win in da market pla…",
401,2017-11-09 23:44:22,positive,Belgium-bred Joly Red apple designed for Asian and Mediterranean markets also popular domestically https://t.co/8NeZN3gaSJ @FreshPlaza_com,Australia
402,2017-11-09 23:33:34,positive,"RT @creationistcat: New Video: ""BLAIRE WHITE vs. RED PILL BLACK: DA SUPER SMACKDOWN!""

https://t.co/cLq5cKxJa7

A true win in da market pla…","Lacey, WA"
403,2017-11-09 23:31:18,neutral,@burghgang @ASaunders_PGH @tsnmike @kirkdom @PghSportsNow @TheRyNKing @PittGuru Listen I’m not claiming market domi… https://t.co/ibnQTHH4Fx,
404,2017-11-09 23:31:05,positive,"#Welcome to #international #Meat #Market 
This is our version of the #red #carpet https://t.co/POCbZ6LkOA","36-12 30th ave Astoria, NY"
405,2017-11-09 23:27:20,positive,"""I don't believe you have to be the singular owner of a market to be successful.” —Rockstar banker-turned-baker umberahmad on mastersofscal…",España - LATAM
406,2017-11-09 23:25:34,positive,"RT @creationistcat: New Video: ""BLAIRE WHITE vs. RED PILL BLACK: DA SUPER SMACKDOWN!""

https://t.co/cLq5cKxJa7

A true win in da market pla…","Washington, USA"
407,2017-11-09 23:23:20,positive,"RT @creationistcat: New Video: ""BLAIRE WHITE vs. RED PILL BLACK: DA SUPER SMACKDOWN!""

https://t.co/cLq5cKxJa7

A true win in da market pla…","Nampa, Idaho"
408,2017-11-09 23:21:12,positive,"RT @creationistcat: New Video: ""BLAIRE WHITE vs. RED PILL BLACK: DA SUPER SMACKDOWN!""

https://t.co/cLq5cKxJa7

A true win in da market pla…",Nipawomsett
409,2017-11-09 23:21:11,positive,"RT @creationistcat: New Video: ""BLAIRE WHITE vs. RED PILL BLACK: DA SUPER SMACKDOWN!""

https://t.co/cLq5cKxJa7

A true win in da market pla…",
410,2017-11-09 23:20:46,positive,"@puj_rit @LMKay @jaketapper I know Russian to English translation is a rough one but ""Selective reason"" lol

You me… https://t.co/DLCW74T5Qz",Las Vegas
411,2017-11-09 23:13:04,positive,"RT @creationistcat: New Video: ""BLAIRE WHITE vs. RED PILL BLACK: DA SUPER SMACKDOWN!""

https://t.co/cLq5cKxJa7

A true win in da market pla…",
412,2017-11-09 23:07:50,negative,High Heels White House Black Market Lucille Women's Strappy Pink Red Snake #strappyheels #whitehouseblackmarket… https://t.co/b5BS4NZhxy,Online
413,2017-11-09 23:07:28,positive,"RT @AltWoodburyMN: Virtually any American with high education or good skills has already been snapped up.

https://t.co/llb0XF77J5 https://…","Woodbury, MN"
414,2017-11-09 23:04:13,positive,RT @ctconcerngroup: #premise/title of @paintitreddoc ?  was that market?developments can't be plopped into #chinatown/considered culturally…,Vancouver BC
415,2017-11-09 23:01:03,positive,"RT @creationistcat: New Video: ""BLAIRE WHITE vs. RED PILL BLACK: DA SUPER SMACKDOWN!""

https://t.co/cLq5cKxJa7

A true win in da market pla…",Sverige
416,2017-11-09 23:00:50,negative,"RT @CiovaccoCapital: Red days tell us very little about the market's long-term trend.

There have been 88 red trading days in 2017.

#Marke…",
417,2017-11-09 22:57:05,neutral,Drinking a Hop Zombie Red IPA (2017) by @lonetreebrewing @ The Local(Ish) Market — https://t.co/HHlDlAezUt,"Dallas, Texas"
418,2017-11-09 22:55:53,positive,RT @ctconcerngroup: #premise/title of @paintitreddoc ?  was that market?developments can't be plopped into #chinatown/considered culturally…,
419,2017-11-09 22:53:37,positive,"RT @creationistcat: New Video: ""BLAIRE WHITE vs. RED PILL BLACK: DA SUPER SMACKDOWN!""

https://t.co/cLq5cKxJa7

A true win in da market pla…","Waythephuck, ?BeyondTheWall?"
420,2017-11-09 22:50:30,positive,"New Video: ""BLAIRE WHITE vs. RED PILL BLACK: DA SUPER SMACKDOWN!""

https://t.co/cLq5cKxJa7

A true win in da market… https://t.co/GAN9FpGqut",
421,2017-11-09 22:49:24,negative,"Still sick and missed market open ??. .but managed to have another solid day ?  Traded 4 tickers.  As usual, I'll s… https://t.co/TNkq1xl2uo","San Jose, CA"
422,2017-11-09 22:48:17,positive,Bull market..sum spanish guy gonna come out with a red blankie and slaaaay ? Lol,Am I Carmen SanDiego?
423,2017-11-09 22:37:14,neutral,"RT @hbakenne: Since I have joined the 280 gang, let me sell market...
I am a content creator; presenter - Radio &amp; TV, host - red carpet and…",
424,2017-11-09 22:36:09,positive,"RT @Filapek: What this market proves is that sentiment dominates in short term, but valuations rule longer term. Correction will come event…","Sydney, Australia, Earth"
425,2017-11-09 22:20:03,neutral,"RT @RabobankAU: As the red meat market evolves, AU needs to position itself to capture value growth in the market. #angus_gb https://t.co/P…",
426,2017-11-09 22:19:26,neutral,"RT @hbakenne: Since I have joined the 280 gang, let me sell market...
I am a content creator; presenter - Radio &amp; TV, host - red carpet and…","you wont wanna know,trust me!!"
427,2017-11-09 22:05:03,neutral,"@rossjporter @BeerRevHay Cheers dude.  Not enough India Red ales on the market for our liking, such a tasty style ?",
428,2017-11-09 22:01:37,negative,"RT @DoubleEagle49: Here’s why not: 

1. Stock Market at all time high. 

2. Unemployment 4.1% 

3. Cutting the Dem RED tape choking busines…",United States
429,2017-11-09 21:56:37,neutral,RT @w_katsura: ?????????????????????????????????????????????????????? https://t.co/Hsy32cymPr,??????
430,2017-11-09 21:55:32,negative,@Robbo197013 @rsharma1969 @MickyPugsly Hes already sol a few fakes pairs in his shop??. Hes waiting for Saturday to… https://t.co/ZmukthoHQ1,
431,2017-11-09 21:52:31,neutral,10 Tips to Organically Market Your Brand on Instagram [Infographic] https://t.co/NDUy3PyjRn https://t.co/QIDFaSMfxE… https://t.co/qrSRmByMzA,España - LATAM
432,2017-11-09 21:48:50,negative,"RT @CiovaccoCapital: Red days tell us very little about the market's long-term trend.

There have been 88 red trading days in 2017.

#Marke…","Arkansas, USA"
433,2017-11-09 21:38:15,neutral,RT @suzannee43: Red Market Basket #Vintage Painted Wood Split Distressed https://t.co/wu7nUG8oag via @Etsy #integritytt #etsyspecialt,Hertfordshire UK
434,2017-11-09 21:35:49,neutral,RT @suzannee43: Red Market Basket #Vintage Painted Wood Split Distressed https://t.co/wu7nUG8oag via @Etsy #integritytt #etsyspecialt,Pennsylvania
435,2017-11-09 21:33:09,neutral,RT @suzannee43: Red Market Basket #Vintage Painted Wood Split Distressed https://t.co/wu7nUG8oag via @Etsy #integritytt #etsyspecialt,Southern California
436,2017-11-09 21:30:01,neutral,RT @suzannee43: Red Market Basket #Vintage Painted Wood Split Distressed https://t.co/wu7nUG8oag via @Etsy #integritytt #etsyspecialt,"euless, tx"
437,2017-11-09 21:22:57,positive,"From Johnson's Backyard Garden for this Saturday at our market: Fresh in this week: red and golden beet bunches,... https://t.co/K1OhizE1NJ","Bastrop, TX"
438,2017-11-09 21:21:15,neutral,RT @w_katsura: ?????????????????????????????????????????????????????? https://t.co/Hsy32cymPr,???
439,2017-11-09 21:19:19,negative,"RT @DoubleEagle49: Here’s why not: 

1. Stock Market at all time high. 

2. Unemployment 4.1% 

3. Cutting the Dem RED tape choking busines…",United States
440,2017-11-09 21:06:35,positive,RT @ctconcerngroup: #premise/title of @paintitreddoc ?  was that market?developments can't be plopped into #chinatown/considered culturally…,"Vancouver, British Columbia"
441,2017-11-09 21:05:48,neutral,V.Profits $KBSF $OTIC $RTNB swinging losses $DEPO $FRTA $UVXY $RTNB (short x2). T12 halt will put it deep in the re… https://t.co/AgcusCc0zJ,"Houston, TX"
442,2017-11-09 21:03:17,neutral,#premise/title of @paintitreddoc ?  was that market?developments can't be plopped into #chinatown/considered cultur… https://t.co/rCaUEbWoul,MusqueamSquamishTsleil-Waututh
443,2017-11-09 21:01:06,positive,"What this market proves is that sentiment dominates in short term, but valuations rule longer term. Correction will… https://t.co/i4Tw80Psih","Sydney, Australia"
444,2017-11-09 21:00:05,neutral,They took purple off the market but the bought the red back,
445,2017-11-09 21:00:04,positive,Part 3: The great Chandi Chowk Market experience and the Red Fort! https://t.co/uxWOSMpe1q  #vivvicolors https://t.co/Ubh0BWzzfO,
446,2017-11-09 21:00:01,negative,RT @WishfulTH1NKin: One thing this market has taught me over the years; Whether it be red or green ALWAYS stay level headed..It’s an absolu…,Wallstreet
447,2017-11-09 20:58:07,neutral,"RT @TL671: @Red___Leader @molratty @BiscuitSalad In fact, the AR-15 was on sale in the civilian market, well before the 
M-16 was even in t…",Ohio
448,2017-11-09 20:56:06,positive,I was born on the train to the party shop see the red textured paper and I am going in to the party is on top floor… https://t.co/ngjnFKrqjm,Delhi
449,2017-11-09 20:54:48,positive,Highly recommend the burritos inside paradise market. Bomb red salsa.,"Madera, CA"
450,2017-11-09 20:51:39,neutral,RT @suzannee43: Red Market Basket #Vintage Painted Wood Split Distressed https://t.co/wu7nUG8oag via @Etsy #integritytt #etsyspecialt,"Glen Burnie, MD"
451,2017-11-09 20:50:46,neutral,RT @suzannee43: Red Market Basket #Vintage Painted Wood Split Distressed https://t.co/wu7nUG8oag via @Etsy #integritytt #etsyspecialt,
452,2017-11-09 20:49:07,neutral,RT @suzannee43: Red Market Basket #Vintage Painted Wood Split Distressed https://t.co/wu7nUG8oag via @Etsy #integritytt #etsyspecialt,"Tallahassee, Florida, USA"
453,2017-11-09 20:47:51,neutral,Red Market Basket #Vintage Painted Wood Split Distressed https://t.co/wu7nUG8oag via @Etsy #integritytt #etsyspecialt,"Tallahassee, Florida, USA"
454,2017-11-09 20:38:41,neutral,"On the 9th November 2007, @Honda_UK produced its one millionth Civic, a red @TypeR destined for the British market.… https://t.co/TIUzrMnhJ6","Huddersfield, HD2 1UB"
455,2017-11-09 20:32:25,neutral,"RT @hbakenne: Since I have joined the 280 gang, let me sell market...
I am a content creator; presenter - Radio &amp; TV, host - red carpet and…","Mount Kisco, NY"
456,2017-11-09 20:30:46,negative,@jmurphypsa @BoraGobuchul @LeaveMnsLeave Because leaving the single market means that there will be non-tariff barr… https://t.co/O5WK0KEpS0,
457,2017-11-09 20:29:17,neutral,"Since I have joined the 280 gang, let me sell market...
I am a content creator; presenter - Radio &amp; TV, host - red… https://t.co/f4REtGlwnS","Lagos, Nigeria"
458,2017-11-09 20:27:25,neutral,"We’ve Got your Sausages! Red Hots, Smokies and Goa- tonight at the #foodhubyqr Night Market… https://t.co/rmc8L5kui8","Regina, Saskatchewan"
459,2017-11-09 20:25:22,neutral,@StephEvz43 Here are some references I have found for Tarter Sauce:  Captain D's 1.5 miles Red Lobster 8.7 Miles.… https://t.co/ZopovO8l1H,
460,2017-11-09 20:21:47,neutral,@gmh_upsa @techreview @ReD_Associates @Apple @AlonBenMeir @RobertoVerganti @RockyMtnInst @Rev4NY @brianreports… https://t.co/GoyTukaGRz,Mountains
461,2017-11-09 20:19:49,positive,"Reports that US tax reform could be pushed back to 2019 are weighing on the stock market, and the major indices are… https://t.co/Qa84K9dcV3",Chicago IL
462,2017-11-09 20:17:24,neutral,"Who is going to be in the market for JD Martinez? Wouldn't expect the Yankees, Dodgers, Cubs, Angels, Nats, Red sox… https://t.co/61jLpP5Z41","Sandusky, Ohio"
463,2017-11-09 20:11:52,positive,"@1keecho You know I don't condone the self snitching brother lol I just am obsessed with that snippet ""they took pu… https://t.co/Fe4XUMtELm",
464,2017-11-09 20:09:56,positive,@flagspotting @firstadopter And here I thought it was because the entire market is red &amp; $SPY touched 1%. Good thin… https://t.co/Blh5U0yXm8,
465,2017-11-09 20:08:57,negative,@RepLouBarletta @realDonaldTrump I am so confused. Trump says the economy is red hot. Brags about unemployment rate… https://t.co/IlYqR64cLI,
466,2017-11-09 19:51:50,negative,"@pistolpetehurlz The red and green is your position in the market, once your bets get matched.","London, England"
467,2017-11-09 19:44:13,positive,"#FeatherAwards2017
Guys skolopad is smart using clothes to market herself..?
Soon we will be listening to her musiq..!
SOON...!","Mafikeng, South Africa"
468,2017-11-09 19:41:31,positive,"Guys skolopad is smart..
Using clothes to market her'self soon we will be listening to her musiq..! https://t.co/oqfB9q1ztm","Mafikeng, South Africa"
469,2017-11-09 19:39:20,positive,"Nice red day today in market casinos, yet diversity always calms me and as long as your plan for each investment is… https://t.co/IblU8h6aDJ",Canada
470,2017-11-09 19:31:47,positive,Red market but we still coming out on top! Some alerts called today! Come check us out asap and win with us~ https://t.co/WN6uJAozxW,
471,2017-11-09 19:27:30,neutral,"@DasarteYarnway Red?! The market can't be red, that's not allowed! That's not what I created this market to do! Tha… https://t.co/76G5LmozYg","Brooklyn, NY"
472,2017-11-09 19:24:30,positive,Stamford Farmer's market tomorrow. Usual pitch opposite the library. Best seller at the moment is our special mix -… https://t.co/FCrSXSdd1p,"The Vale of Belvoir, East Mids"
473,2017-11-09 19:19:20,positive,"$forex, $USDCHF :
D1
Reasons to DOWN
Big, strong, red bar,
H4
Two big, red bars after consolidation, one of main ba… https://t.co/dqE2a6PfGW",
474,2017-11-09 19:16:47,positive,"@codelemur Living in an Uber and Waymo pilot market, only his timeline seems off. 5 years to kill (nearly) all huma… https://t.co/A7oay72CwW","Chandler, AZ, US"
475,2017-11-09 19:16:17,positive,ZILLOW: America's red-hot housing market is a bit of a problem https://t.co/f3Yk0bslXB via @yahoo,
476,2017-11-09 19:12:10,positive,"RT @Deplorable_NYC: #OneYearUnderTrump &amp; there are huge positive signs that @POTUS is getting the job done! Stock market at all time highs,…",
477,2017-11-09 19:07:20,positive,"RT @Deplorable_NYC: #OneYearUnderTrump &amp; there are huge positive signs that @POTUS is getting the job done! Stock market at all time highs,…",
478,2017-11-09 19:00:27,negative,"@BrainandMoney Market always goes from red to green and vice versa, nothing new, point is hv u made money or not? I… https://t.co/7QcpGAd0B9",India
479,2017-11-09 18:58:06,positive,"RT @TheBubbleBubble: Leveraged Loans: Hungry For Yield, Sovereign Wealth Funds Target Red-Hot CLO Market: https://t.co/RMq4kgVNkd @lcdnews…",New York City
480,2017-11-09 18:51:18,neutral,"@Red___Leader @molratty @BiscuitSalad In fact, the AR-15 was on sale in the civilian market, well before the 
M-16… https://t.co/a1fPFlE1OJ","North Cuba (Miami, FLA)"
481,2017-11-09 18:49:35,positive,"@FUTDAD Honestly I think it can hit red, but not for long, the market can rebound anytime","Los Angeles, CA"
482,2017-11-09 18:47:41,neutral,@BryanDRoth 5ish years ago? What else do you do with a red ale? I wouldn’t try to sell one in this market.,
483,2017-11-09 18:47:04,negative,"RT @DoubleEagle49: Here’s why not: 

1. Stock Market at all time high. 

2. Unemployment 4.1% 

3. Cutting the Dem RED tape choking busines…",U.S.A. 
484,2017-11-09 18:38:39,positive,$IRT $BRG $APTS higher in red market. https://t.co/OR4k09Jzx9,
485,2017-11-09 18:35:16,positive,RT @HapaToronto: Fresh Red Snapper sashimi! ? This weekend's feature fish is from Japan's Tsukiji Fish Market ?? 5 pieces/$18 or as part of…,
486,2017-11-09 18:34:10,neutral,"RT @RedCoffeevan: Christmas Market @ The Red Lion, Marsworth, on the 9th Dec.    #littleredcoffeevan #marsworth #allsaintschurchmarsworth #…",Bucks
487,2017-11-09 18:33:03,positive,Jones Act owner OSG seeks to tap red hot Norwegian bond market https://t.co/EXG2320lFe by @tradewindsnews @osloboers,London
488,2017-11-09 18:31:11,positive,@Red___Leader @BiscuitSalad @molratty It was actually designed by Eugene Stoner and was available to the civilian m… https://t.co/yVcQJHbWXx,
489,2017-11-09 18:30:37,positive,Right now we have great deals on all 2017 #Toyota models. If you are in the market message me or call me at 8703502… https://t.co/MlZBhlIFyh,"Fayetteville,AR"
490,2017-11-09 18:24:43,neutral,"RT @MarshallGroup: #OnThisDay in 2007, #Honda produced its one millionth #Swindon-built #Civic, a red #TypeR destined for the British marke…","1 Colonnade Road, Ottawa, ON"
491,2017-11-09 18:20:38,neutral,"RT @EconomyKenya: Despite moving the stock market today, Safaricom Ltd Share price closes the day on the red, 5 days in a row. This represe…",Paper Town
492,2017-11-09 18:19:01,positive,$PFE holding up nicely on an otherwise red day for the market.,"Wilson, NY"
493,2017-11-09 18:18:19,neutral,@needacoin 4- Needacoins constant shilling of the altcoin market,
494,2017-11-09 18:13:15,negative,It was bound to happen in this Bull Market: a Down Day. Look at all that RED in this Map of the Mkt! https://t.co/2xdFF4cHkD,San Antonio and South Texas
495,2017-11-09 18:10:56,negative,Urgent alert: Found rooster at New Seasons Market on N. Williams. Black with red comb.,"Portland, OR"
496,2017-11-09 22:21:25,negative,"she bleached her hair till her scalp start bleeding wtf?? Someone should introduce her to the weave market, that's… https://t.co/YoDyDarwB2",
497,2017-11-09 21:54:18,neutral,@realDonaldTrump the stock market is bleeding back home! hurry up and get back the the homeland.,
498,2017-11-09 19:47:03,neutral,Avoid the phrase “disruptive innovation” in marketing unless a product or service 100% displaces an entire value ma… https://t.co/pWlfnMgi3X,United States
499,2017-11-09 17:49:30,positive,@sunbird20 @LaonaManning @realDonaldTrump In what way? Stock Market at record high! My 401K gaining every month ins… https://t.co/rCJBYbYo43,Baltimore County Maryland
500,2017-11-09 17:45:49,negative,$AMZN #Amazon Is Facing Stiff Competition In This #eCommerce Market https://t.co/vPI8ukRwLT,
501,2017-11-09 16:41:48,positive,"@raghunathseema Someday? It is already in implementation here. When supply is too high and demand negligible, organ… https://t.co/x8QkzI6mBZ","Patna, Bihar india"
502,2017-11-08 21:08:27,negative,@LoveMeeshaa They've been talking about all these other things they want to deploy but who knows if they'll make it… https://t.co/LnbZnRFsWn,Las Vegas
503,2017-11-08 19:53:47,positive,"6 people, namely @ErikVoorhees and @jgarzik canceled the #Segwit2x hard fork right as #bitcoin hit an all time high… https://t.co/mna6S3dT7e",
504,2017-11-08 18:36:21,positive,Very relevant research. GenZ buckets - Conventionals -- Digitals -- Pioneers -- Nearly one-third at bleeding edge o… https://t.co/vQrRHyMNiw,"California, USA"
505,2017-11-08 18:11:58,positive,"@IISuperwomanII My employer laid me off (my first job out of college, graduated May 2017). Said the market was a bl… https://t.co/SiFeFj8JQD","Charleston, SC"
506,2017-11-08 17:10:32,positive,"""When the free-market Fundamentalist 
steps on a roadside bomb outside Kandahar
Bleeding to death
I swear to Ayn Ra… https://t.co/BipwZe7KZ7",
507,2017-11-08 16:00:20,neutral,Global Bleeding Disorders Treatment Market share will Increase US$ 15 Billion By 2022 https://t.co/l9yXu4aSwU,"California, MD"
508,2017-11-08 14:47:34,negative,@EthereumAddict Only the shitty projects are bleeding. Overhyped non usecase trash got dumped hard. The market will… https://t.co/luF6q0raKh,
509,2017-11-08 13:26:45,positive,Entire market was bleeding only company standing strong in green waves was #Godrej Agrovet... Bulk deal on 7.11.201… https://t.co/NJJSEB4Cpa,Mumbai
510,2017-11-08 11:28:44,positive,Petition for pads and tampon packaging to be sound tested before being put on the market. Anything over 3 decibels… https://t.co/jDw6sveQXm,18/warrington
511,2017-11-08 11:26:26,positive,. . Saudi Economy has been bleeding cheap Oil. SCREW the Efforts to Maintain Market Share.  Those who cheated the... https://t.co/8OqJY48OYB,Key Largo
512,2017-11-08 00:44:21,positive,"RT @edwardmorra_btc: $1,5B drop of market cap on @bitconnect, are you guys exit scamming already? lol
#PonziScheme #Bitconnect $BTC $BCC
#R…","Phoenix, AZ"
513,2017-11-07 21:25:31,positive,if you have to pay to get access then it ain't a free bleeding market is it ? our politicians must think we are stu… https://t.co/EYLHZkJK18,
514,2017-11-07 14:49:47,negative,"RT @rumimorales: “this is bleeding-edge science; in short, we're in uncharted territory, and if past forks are any indication, decisions co…",Earth
515,2017-11-07 14:44:06,negative,"“this is bleeding-edge science; in short, we're in uncharted territory, and if past forks are any indication, decis… https://t.co/AY110U9NI8",Chicago and everywhere else
516,2017-11-07 11:08:34,neutral,Being opposed to how financiers and stock market keep screwing up our economy and bleeding lower class people now means you're anti-Semitic.,Western Massachusetts
517,2017-11-07 10:35:34,neutral,"Bleeding Disorders Treatment Market Size will exceed US$ 15 Billion by 2022.
https://t.co/R8ssiBv6ad","California, USA"
518,2017-11-07 08:44:01,negative,Exploring serious market access roadblocks for rare bleeding disorders https://t.co/Z1IdxUDNAM #marketaccess,"Surrey, UK"
519,2017-11-07 07:52:00,positive,"""A crash would be appreciated, so that the market is bleeding and we can go ""on-risk"" again and buy on another level"" - Sverre!",
520,2017-11-07 06:47:58,positive,@tubbsmcguire Eliot’s at borough market. Superb menu and great service@  excellent ‘ dishes.For something more roma… https://t.co/B4vvN8ENZT,"London, England"
